DateTime,Abellpoint measured,Abellpoint predicted,Bundaberg measured,Bundaberg predicted
2023-05-25T00:00,2.497,2.513,2.683,2.72
2023-05-25T00:10,2.538,2.563,2.685,2.712
2023-05-25T00:20,2.591,2.611,2.669,2.697
2023-05-25T00:30,2.612,2.655,2.656,2.678
2023-05-25T00:40,2.659,2.697,2.636,2.653
2023-05-25T00:50,2.702,2.738,2.602,2.623
2023-05-25T01:00,2.75,2.774,2.577,2.589
2023-05-25T01:10,2.774,2.808,2.543,2.551
2023-05-25T01:20,2.815,2.837,2.492,2.509
2023-05-25T01:30,2.834,2.861,2.445,2.465
2023-05-25T01:40,2.88,2.882,2.383,2.417
2023-05-25T01:50,2.892,2.897,2.329,2.368
2023-05-25T02:00,2.899,2.906,2.29,2.318
2023-05-25T02:10,2.878,2.909,2.254,2.265
2023-05-25T02:20,2.903,2.906,2.204,2.211
2023-05-25T02:30,2.918,2.898,2.149,2.157
2023-05-25T02:40,2.905,2.886,2.076,2.101
2023-05-25T02:50,2.853,2.868,2.022,2.045
2023-05-25T03:00,2.827,2.846,1.978,1.99
2023-05-25T03:10,2.828,2.821,1.936,1.934
2023-05-25T03:20,2.798,2.791,1.878,1.878
2023-05-25T03:30,2.762,2.759,1.828,1.823
2023-05-25T03:40,2.716,2.723,1.762,1.769
2023-05-25T03:50,2.696,2.684,1.704,1.716
2023-05-25T04:00,2.662,2.642,1.668,1.666
2023-05-25T04:10,2.608,2.596,1.625,1.617
2023-05-25T04:20,2.571,2.548,1.581,1.569
2023-05-25T04:30,2.535,2.497,1.532,1.525
2023-05-25T04:40,2.48,2.443,1.487,1.482
2023-05-25T04:50,2.409,2.387,1.437,1.442
2023-05-25T05:00,2.373,2.331,1.395,1.405
2023-05-25T05:10,2.331,2.274,1.369,1.372
2023-05-25T05:20,2.303,2.217,1.332,1.342
2023-05-25T05:30,2.237,2.162,1.312,1.315
2023-05-25T05:40,2.192,2.107,1.281,1.293
2023-05-25T05:50,2.127,2.053,1.259,1.274
2023-05-25T06:00,2.1,2.002,1.236,1.261
2023-05-25T06:10,1.993,1.951,1.212,1.252
2023-05-25T06:20,1.98,1.902,1.204,1.248
2023-05-25T06:30,1.955,1.854,1.207,1.248
2023-05-25T06:40,1.897,1.806,1.199,1.253
2023-05-25T06:50,1.853,1.758,1.193,1.262
2023-05-25T07:00,1.802,1.711,1.214,1.275
2023-05-25T07:10,1.735,1.665,1.237,1.292
2023-05-25T07:20,1.701,1.62,1.262,1.313
2023-05-25T07:30,1.656,1.576,1.288,1.336
2023-05-25T07:40,1.635,1.534,1.317,1.361
2023-05-25T07:50,1.6,1.494,1.333,1.388
2023-05-25T08:00,1.538,1.457,1.346,1.417
2023-05-25T08:10,1.492,1.424,1.395,1.446
2023-05-25T08:20,1.473,1.393,1.434,1.478
2023-05-25T08:30,1.452,1.366,1.46,1.51
2023-05-25T08:40,1.427,1.342,1.487,1.542
2023-05-25T08:50,1.399,1.321,1.53,1.576
2023-05-25T09:00,1.366,1.303,1.555,1.61
2023-05-25T09:10,1.333,1.286,1.571,1.643
2023-05-25T09:20,1.31,1.273,1.597,1.677
2023-05-25T09:30,1.325,1.263,1.633,1.711
2023-05-25T09:40,1.333,1.256,1.678,1.743
2023-05-25T09:50,1.296,1.253,1.707,1.775
2023-05-25T10:00,1.3,1.253,1.744,1.806
2023-05-25T10:10,1.275,1.257,1.772,1.834
2023-05-25T10:20,1.308,1.265,1.805,1.863
2023-05-25T10:30,1.299,1.277,1.836,1.888
2023-05-25T10:40,1.319,1.293,1.866,1.911
2023-05-25T10:50,1.309,1.313,1.903,1.933
2023-05-25T11:00,1.36,1.336,1.919,1.953
2023-05-25T11:10,1.364,1.359,1.94,1.969
2023-05-25T11:20,1.385,1.386,1.978,1.983
2023-05-25T11:30,1.438,1.413,1.979,1.996
2023-05-25T11:40,1.434,1.44,1.985,2.004
2023-05-25T11:50,1.489,1.468,2,2.01
2023-05-25T12:00,1.485,1.496,2.017,2.013
2023-05-25T12:10,1.53,1.523,2.003,2.012
2023-05-25T12:20,1.545,1.549,1.988,2.007
2023-05-25T12:30,1.604,1.577,2,2
2023-05-25T12:40,1.631,1.602,1.985,1.987
2023-05-25T12:50,1.621,1.628,1.991,1.972
2023-05-25T13:00,1.642,1.654,1.997,1.953
2023-05-25T13:10,1.616,1.678,1.981,1.931
2023-05-25T13:20,1.677,1.702,1.934,1.906
2023-05-25T13:30,1.717,1.726,1.889,1.879
2023-05-25T13:40,1.751,1.747,1.86,1.85
2023-05-25T13:50,1.769,1.767,1.825,1.819
2023-05-25T14:00,1.751,1.785,1.801,1.788
2023-05-25T14:10,1.812,1.799,1.784,1.755
2023-05-25T14:20,1.828,1.812,1.726,1.722
2023-05-25T14:30,1.832,1.821,1.693,1.688
2023-05-25T14:40,1.882,1.827,1.674,1.656
2023-05-25T14:50,1.856,1.831,1.651,1.621
2023-05-25T15:00,1.823,1.831,1.622,1.588
2023-05-25T15:10,1.832,1.83,1.582,1.556
2023-05-25T15:20,1.838,1.826,1.552,1.523
2023-05-25T15:30,1.867,1.819,1.514,1.49
2023-05-25T15:40,1.871,1.811,1.47,1.459
2023-05-25T15:50,1.826,1.801,1.433,1.43
2023-05-25T16:00,1.797,1.788,1.394,1.401
2023-05-25T16:10,1.789,1.773,1.391,1.374
2023-05-25T16:20,1.813,1.757,1.355,1.349
2023-05-25T16:30,1.816,1.737,1.335,1.325
2023-05-25T16:40,1.768,1.715,1.317,1.303
2023-05-25T16:50,1.737,1.692,1.289,1.285
2023-05-25T17:00,1.71,1.664,1.297,1.268
2023-05-25T17:10,1.67,1.636,1.29,1.253
2023-05-25T17:20,1.682,1.608,1.257,1.243
2023-05-25T17:30,1.657,1.578,1.23,1.234
2023-05-25T17:40,1.654,1.547,1.22,1.228
2023-05-25T17:50,1.624,1.52,1.225,1.226
2023-05-25T18:00,1.579,1.491,1.234,1.228
2023-05-25T18:10,1.515,1.465,1.249,1.232
2023-05-25T18:20,1.496,1.441,1.247,1.242
2023-05-25T18:30,1.471,1.418,1.267,1.255
2023-05-25T18:40,1.45,1.397,1.279,1.272
2023-05-25T18:50,1.435,1.377,1.291,1.294
2023-05-25T19:00,1.43,1.359,1.314,1.319
2023-05-25T19:10,1.405,1.342,1.343,1.348
2023-05-25T19:20,1.37,1.328,1.379,1.381
2023-05-25T19:30,1.364,1.315,1.407,1.417
2023-05-25T19:40,1.349,1.303,1.439,1.456
2023-05-25T19:50,1.349,1.296,1.492,1.497
2023-05-25T20:00,1.343,1.29,1.549,1.54
2023-05-25T20:10,1.352,1.288,1.599,1.585
2023-05-25T20:20,1.338,1.292,1.643,1.631
2023-05-25T20:30,1.366,1.298,1.691,1.679
2023-05-25T20:40,1.349,1.309,1.741,1.729
2023-05-25T20:50,1.347,1.324,1.786,1.778
2023-05-25T21:00,1.392,1.343,1.84,1.828
2023-05-25T21:10,1.39,1.364,1.884,1.88
2023-05-25T21:20,1.422,1.389,1.927,1.931
2023-05-25T21:30,1.452,1.416,1.992,1.983
2023-05-25T21:40,1.477,1.447,2.039,2.034
2023-05-25T21:50,1.493,1.479,2.08,2.084
2023-05-25T22:00,1.527,1.515,2.124,2.135
2023-05-25T22:10,1.587,1.554,2.171,2.184
2023-05-25T22:20,1.624,1.594,2.226,2.231
2023-05-25T22:30,1.684,1.638,2.262,2.277
2023-05-25T22:40,1.745,1.686,2.303,2.321
2023-05-25T22:50,1.759,1.736,2.347,2.363
2023-05-25T23:00,1.81,1.788,2.384,2.402
2023-05-25T23:10,1.849,1.842,2.416,2.439
2023-05-25T23:20,1.897,1.898,2.44,2.472
2023-05-25T23:30,1.964,1.954,2.474,2.503
2023-05-25T23:40,2.006,2.011,2.507,2.53
2023-05-25T23:50,2.029,2.068,2.53,2.555
2023-05-26T00:00,2.111,2.123,2.546,2.574
2023-05-26T00:10,2.165,2.179,2.565,2.591
2023-05-26T00:20,2.218,2.233,2.593,2.604
2023-05-26T00:30,2.244,2.285,2.594,2.612
2023-05-26T00:40,2.316,2.336,2.594,2.615
2023-05-26T00:50,2.371,2.386,2.612,2.614
2023-05-26T01:00,2.422,2.434,2.596,2.609
2023-05-26T01:10,2.46,2.481,2.577,2.598
2023-05-26T01:20,2.481,2.526,2.569,2.583
2023-05-26T01:30,2.514,2.568,2.559,2.563
2023-05-26T01:40,2.567,2.608,2.531,2.54
2023-05-26T01:50,2.581,2.646,2.505,2.512
2023-05-26T02:00,2.614,2.681,2.474,2.482
2023-05-26T02:10,2.662,2.712,2.432,2.448
2023-05-26T02:20,2.707,2.74,2.406,2.411
2023-05-26T02:30,2.706,2.763,2.371,2.373
2023-05-26T02:40,2.727,2.782,2.34,2.332
2023-05-26T02:50,2.749,2.797,2.305,2.288
2023-05-26T03:00,2.714,2.807,2.252,2.244
2023-05-26T03:10,2.755,2.812,2.205,2.197
2023-05-26T03:20,2.759,2.813,2.146,2.149
2023-05-26T03:30,2.757,2.81,2.111,2.1
2023-05-26T03:40,2.742,2.802,2.08,2.05
2023-05-26T03:50,2.737,2.79,2.022,1.999
2023-05-26T04:00,2.708,2.775,1.971,1.948
2023-05-26T04:10,2.702,2.755,1.922,1.897
2023-05-26T04:20,2.707,2.732,1.862,1.845
2023-05-26T04:30,2.689,2.705,1.802,1.795
2023-05-26T04:40,2.634,2.674,1.766,1.745
2023-05-26T04:50,2.605,2.64,1.723,1.696
2023-05-26T05:00,2.569,2.601,1.661,1.65
2023-05-26T05:10,2.537,2.562,1.611,1.604
2023-05-26T05:20,2.493,2.517,1.587,1.561
2023-05-26T05:30,2.443,2.469,1.548,1.52
2023-05-26T05:40,2.399,2.42,1.493,1.482
2023-05-26T05:50,2.358,2.369,1.453,1.445
2023-05-26T06:00,2.324,2.316,1.413,1.412
2023-05-26T06:10,2.26,2.263,1.367,1.383
2023-05-26T06:20,2.197,2.211,1.337,1.357
2023-05-26T06:30,2.164,2.156,1.317,1.334
2023-05-26T06:40,2.081,2.104,1.299,1.316
2023-05-26T06:50,2.072,2.051,1.272,1.301
2023-05-26T07:00,1.995,1.997,1.249,1.291
2023-05-26T07:10,1.927,1.945,1.252,1.285
2023-05-26T07:20,1.881,1.892,1.249,1.282
2023-05-26T07:30,1.812,1.839,1.253,1.284
2023-05-26T07:40,1.766,1.786,1.259,1.289
2023-05-26T07:50,1.706,1.733,1.258,1.297
2023-05-26T08:00,1.63,1.68,1.25,1.309
2023-05-26T08:10,1.605,1.629,1.285,1.322
2023-05-26T08:20,1.557,1.578,1.305,1.339
2023-05-26T08:30,1.529,1.53,1.309,1.359
2023-05-26T08:40,1.462,1.484,1.337,1.379
2023-05-26T08:50,1.43,1.44,1.368,1.401
2023-05-26T09:00,1.368,1.4,1.398,1.426
2023-05-26T09:10,1.334,1.363,1.42,1.451
2023-05-26T09:20,1.296,1.328,1.46,1.478
2023-05-26T09:30,1.257,1.296,1.502,1.506
2023-05-26T09:40,1.206,1.268,1.54,1.535
2023-05-26T09:50,1.187,1.242,1.575,1.565
2023-05-26T10:00,1.139,1.22,1.601,1.596
2023-05-26T10:10,1.123,1.2,1.625,1.626
2023-05-26T10:20,1.086,1.184,1.663,1.657
2023-05-26T10:30,1.107,1.173,1.682,1.688
2023-05-26T10:40,1.113,1.165,1.692,1.718
2023-05-26T10:50,1.123,1.163,1.724,1.747
2023-05-26T11:00,1.107,1.166,1.753,1.776
2023-05-26T11:10,1.12,1.171,1.78,1.803
2023-05-26T11:20,1.129,1.182,1.819,1.829
2023-05-26T11:30,1.097,1.197,1.844,1.854
2023-05-26T11:40,1.14,1.214,1.854,1.876
2023-05-26T11:50,1.153,1.236,1.88,1.897
2023-05-26T12:00,1.181,1.26,1.902,1.916
2023-05-26T12:10,1.207,1.286,1.928,1.933
2023-05-26T12:20,1.241,1.313,1.948,1.947
2023-05-26T12:30,1.241,1.343,1.966,1.959
2023-05-26T12:40,1.322,1.374,1.972,1.968
2023-05-26T12:50,1.346,1.405,1.982,1.975
2023-05-26T13:00,1.338,1.438,1.981,1.979
2023-05-26T13:10,1.43,1.472,1.987,1.979
2023-05-26T13:20,1.433,1.505,1.989,1.976
2023-05-26T13:30,1.471,1.539,1.994,1.971
2023-05-26T13:40,1.509,1.574,1.978,1.962
2023-05-26T13:50,1.555,1.607,1.966,1.951
2023-05-26T14:00,1.553,1.641,1.957,1.937
2023-05-26T14:10,1.607,1.673,1.96,1.921
2023-05-26T14:20,1.603,1.705,1.946,1.904
2023-05-26T14:30,1.689,1.736,1.923,1.885
2023-05-26T14:40,1.714,1.764,1.892,1.864
2023-05-26T14:50,1.745,1.791,1.871,1.842
2023-05-26T15:00,1.806,1.816,1.842,1.819
2023-05-26T15:10,1.811,1.838,1.822,1.795
2023-05-26T15:20,1.828,1.858,1.806,1.771
2023-05-26T15:30,1.842,1.875,1.789,1.746
2023-05-26T15:40,1.864,1.89,1.777,1.72
2023-05-26T15:50,1.872,1.901,1.75,1.694
2023-05-26T16:00,1.888,1.91,1.718,1.667
2023-05-26T16:10,1.885,1.916,1.699,1.64
2023-05-26T16:20,1.918,1.92,1.674,1.614
2023-05-26T16:30,1.887,1.92,1.635,1.586
2023-05-26T16:40,1.894,1.919,1.612,1.559
2023-05-26T16:50,1.908,1.915,1.571,1.534
2023-05-26T17:00,1.907,1.907,1.561,1.508
2023-05-26T17:10,1.884,1.898,1.548,1.484
2023-05-26T17:20,1.887,1.886,1.528,1.462
2023-05-26T17:30,1.862,1.87,1.518,1.44
2023-05-26T17:40,1.844,1.85,1.51,1.419
2023-05-26T17:50,1.841,1.831,1.487,1.402
2023-05-26T18:00,1.818,1.807,1.47,1.385
2023-05-26T18:10,1.815,1.781,1.449,1.37
2023-05-26T18:20,1.745,1.756,1.432,1.36
2023-05-26T18:30,1.749,1.728,1.405,1.35
2023-05-26T18:40,1.714,1.701,1.381,1.343
2023-05-26T18:50,1.696,1.674,1.398,1.341
2023-05-26T19:00,1.658,1.646,1.41,1.34
2023-05-26T19:10,1.655,1.619,1.391,1.343
2023-05-26T19:20,1.639,1.594,1.401,1.349
2023-05-26T19:30,1.597,1.568,1.4,1.359
2023-05-26T19:40,1.557,1.542,1.41,1.371
2023-05-26T19:50,1.554,1.518,1.432,1.387
2023-05-26T20:00,1.549,1.494,1.435,1.406
2023-05-26T20:10,1.518,1.471,1.448,1.428
2023-05-26T20:20,1.484,1.449,1.477,1.453
2023-05-26T20:30,1.448,1.431,1.489,1.481
2023-05-26T20:40,1.429,1.413,1.506,1.511
2023-05-26T20:50,1.392,1.398,1.54,1.543
2023-05-26T21:00,1.377,1.387,1.575,1.576
2023-05-26T21:10,1.4,1.378,1.636,1.612
2023-05-26T21:20,1.4,1.374,1.664,1.65
2023-05-26T21:30,1.391,1.373,1.715,1.688
2023-05-26T21:40,1.392,1.375,1.749,1.729
2023-05-26T21:50,1.395,1.381,1.769,1.771
2023-05-26T22:00,1.403,1.39,1.788,1.814
2023-05-26T22:10,1.41,1.401,1.837,1.858
2023-05-26T22:20,1.421,1.416,1.886,1.904
2023-05-26T22:30,1.43,1.434,1.922,1.949
2023-05-26T22:40,1.436,1.456,1.963,1.996
2023-05-26T22:50,1.457,1.481,2.008,2.042
2023-05-26T23:00,1.477,1.51,2.039,2.087
2023-05-26T23:10,1.504,1.542,2.091,2.133
2023-05-26T23:20,1.526,1.578,2.143,2.177
2023-05-26T23:30,1.578,1.616,2.181,2.22
2023-05-26T23:40,1.597,1.659,2.21,2.262
2023-05-26T23:50,1.68,1.703,2.243,2.302
2023-05-27T00:00,1.692,1.75,2.27,2.338
2023-05-27T00:10,1.753,1.799,2.272,2.374
2023-05-27T00:20,1.817,1.849,2.282,2.407
2023-05-27T00:30,1.821,1.9,2.32,2.437
2023-05-27T00:40,1.864,1.952,2.362,2.464
2023-05-27T00:50,1.923,2.006,2.386,2.488
2023-05-27T01:00,1.988,2.058,2.392,2.508
2023-05-27T01:10,2.049,2.112,2.407,2.525
2023-05-27T01:20,2.072,2.166,2.448,2.537
2023-05-27T01:30,2.152,2.218,2.45,2.545
2023-05-27T01:40,2.203,2.27,2.441,2.55
2023-05-27T01:50,2.256,2.322,2.467,2.549
2023-05-27T02:00,2.287,2.371,2.452,2.545
2023-05-27T02:10,2.339,2.42,2.445,2.536
2023-05-27T02:20,2.405,2.467,2.446,2.524
2023-05-27T02:30,2.428,2.511,2.437,2.508
2023-05-27T02:40,2.467,2.553,2.417,2.487
2023-05-27T02:50,2.5,2.593,2.387,2.464
2023-05-27T03:00,2.527,2.631,2.368,2.438
2023-05-27T03:10,2.556,2.664,2.33,2.408
2023-05-27T03:20,2.604,2.695,2.305,2.375
2023-05-27T03:30,2.627,2.722,2.291,2.34
2023-05-27T03:40,2.649,2.745,2.251,2.302
2023-05-27T03:50,2.685,2.763,2.227,2.262
2023-05-27T04:00,2.694,2.778,2.189,2.219
2023-05-27T04:10,2.729,2.787,2.133,2.176
2023-05-27T04:20,2.718,2.792,2.094,2.129
2023-05-27T04:30,2.745,2.792,2.074,2.081
2023-05-27T04:40,2.769,2.787,2.001,2.032
2023-05-27T04:50,2.787,2.779,1.961,1.982
2023-05-27T05:00,2.739,2.765,1.93,1.931
2023-05-27T05:10,2.733,2.749,1.916,1.881
2023-05-27T05:20,2.716,2.727,1.844,1.829
2023-05-27T05:30,2.685,2.702,1.802,1.778
2023-05-27T05:40,2.674,2.673,1.766,1.73
2023-05-27T05:50,2.655,2.639,1.685,1.68
2023-05-27T06:00,2.624,2.6,1.618,1.633
2023-05-27T06:10,2.591,2.559,1.607,1.589
2023-05-27T06:20,2.565,2.513,1.559,1.545
2023-05-27T06:30,2.509,2.463,1.499,1.504
2023-05-27T06:40,2.451,2.412,1.478,1.466
2023-05-27T06:50,2.388,2.357,1.415,1.431
2023-05-27T07:00,2.329,2.3,1.36,1.398
2023-05-27T07:10,2.29,2.243,1.362,1.37
2023-05-27T07:20,2.192,2.185,1.309,1.344
2023-05-27T07:30,2.15,2.126,1.285,1.322
2023-05-27T07:40,2.09,2.067,1.247,1.303
2023-05-27T07:50,2.022,2.007,1.255,1.288
2023-05-27T08:00,1.95,1.945,1.243,1.277
2023-05-27T08:10,1.884,1.885,1.235,1.27
2023-05-27T08:20,1.827,1.823,1.221,1.266
2023-05-27T08:30,1.783,1.761,1.223,1.265
2023-05-27T08:40,1.701,1.701,1.216,1.268
2023-05-27T08:50,1.629,1.64,1.245,1.273
2023-05-27T09:00,1.592,1.58,1.248,1.282
2023-05-27T09:10,1.55,1.523,1.263,1.293
2023-05-27T09:20,1.471,1.467,1.293,1.307
2023-05-27T09:30,1.409,1.413,1.277,1.323
2023-05-27T09:40,1.339,1.364,1.314,1.341
2023-05-27T09:50,1.301,1.317,1.346,1.361
2023-05-27T10:00,1.279,1.272,1.375,1.384
2023-05-27T10:10,1.211,1.231,1.403,1.408
2023-05-27T10:20,1.173,1.194,1.44,1.435
2023-05-27T10:30,1.121,1.16,1.471,1.463
2023-05-27T10:40,1.071,1.13,1.506,1.492
2023-05-27T10:50,1.054,1.104,1.531,1.523
2023-05-27T11:00,1.041,1.083,1.554,1.555
2023-05-27T11:10,1.052,1.066,1.61,1.588
2023-05-27T11:20,1.026,1.054,1.651,1.62
2023-05-27T11:30,1.007,1.047,1.675,1.653
2023-05-27T11:40,1.003,1.046,1.695,1.686
2023-05-27T11:50,1.017,1.048,1.738,1.718
2023-05-27T12:00,1.023,1.057,1.773,1.749
2023-05-27T12:10,1.002,1.07,1.813,1.781
2023-05-27T12:20,1.013,1.086,1.856,1.809
2023-05-27T12:30,1.026,1.108,1.909,1.837
2023-05-27T12:40,1.068,1.133,1.929,1.864
2023-05-27T12:50,1.068,1.16,1.945,1.888
2023-05-27T13:00,1.135,1.193,1.98,1.911
2023-05-27T13:10,1.161,1.228,2.008,1.932
2023-05-27T13:20,1.213,1.264,2.014,1.951
2023-05-27T13:30,1.255,1.304,2.02,1.967
2023-05-27T13:40,1.321,1.347,2.045,1.981
2023-05-27T13:50,1.379,1.388,2.053,1.992
2023-05-27T14:00,1.426,1.434,2.044,2.001
2023-05-27T14:10,1.461,1.479,2.061,2.007
2023-05-27T14:20,1.511,1.523,2.074,2.01
2023-05-27T14:30,1.567,1.568,2.083,2.01
2023-05-27T14:40,1.601,1.614,2.1,2.009
2023-05-27T14:50,1.642,1.657,2.081,2.005
2023-05-27T15:00,1.662,1.701,2.048,1.998
2023-05-27T15:10,1.745,1.744,2.065,1.99
2023-05-27T15:20,1.771,1.784,2.052,1.979
2023-05-27T15:30,1.833,1.825,2.033,1.967
2023-05-27T15:40,1.877,1.863,2.032,1.953
2023-05-27T15:50,1.909,1.899,2.009,1.939
2023-05-27T16:00,1.98,1.932,1.991,1.921
2023-05-27T16:10,1.991,1.963,1.961,1.903
2023-05-27T16:20,2.032,1.99,1.949,1.883
2023-05-27T16:30,2.052,2.014,1.938,1.861
2023-05-27T16:40,2.083,2.034,1.917,1.837
2023-05-27T16:50,2.098,2.051,1.901,1.814
2023-05-27T17:00,2.124,2.064,1.863,1.788
2023-05-27T17:10,2.162,2.075,1.815,1.761
2023-05-27T17:20,2.162,2.082,1.784,1.735
2023-05-27T17:30,2.157,2.087,1.77,1.706
2023-05-27T17:40,2.169,2.087,1.725,1.678
2023-05-27T17:50,2.168,2.085,1.698,1.651
2023-05-27T18:00,2.176,2.08,1.679,1.623
2023-05-27T18:10,2.155,2.07,1.645,1.595
2023-05-27T18:20,2.158,2.058,1.621,1.57
2023-05-27T18:30,2.125,2.041,1.596,1.544
2023-05-27T18:40,2.122,2.021,1.601,1.52
2023-05-27T18:50,2.108,1.996,1.575,1.497
2023-05-27T19:00,2.072,1.97,1.536,1.477
2023-05-27T19:10,2.05,1.941,1.522,1.458
2023-05-27T19:20,2.024,1.91,1.497,1.442
2023-05-27T19:30,1.993,1.878,1.482,1.428
2023-05-27T19:40,1.971,1.845,1.492,1.415
2023-05-27T19:50,1.932,1.81,1.48,1.406
2023-05-27T20:00,1.907,1.776,1.479,1.399
2023-05-27T20:10,1.85,1.742,1.452,1.395
2023-05-27T20:20,1.817,1.707,1.441,1.395
2023-05-27T20:30,1.798,1.673,1.451,1.397
2023-05-27T20:40,1.755,1.638,1.47,1.402
2023-05-27T20:50,1.708,1.604,1.471,1.411
2023-05-27T21:00,1.673,1.571,1.462,1.421
2023-05-27T21:10,1.647,1.538,1.468,1.435
2023-05-27T21:20,1.613,1.507,1.491,1.452
2023-05-27T21:30,1.577,1.479,1.504,1.472
2023-05-27T21:40,1.574,1.453,1.533,1.494
2023-05-27T21:50,1.547,1.429,1.565,1.519
2023-05-27T22:00,1.531,1.409,1.605,1.546
2023-05-27T22:10,1.513,1.392,1.621,1.576
2023-05-27T22:20,1.473,1.378,1.649,1.609
2023-05-27T22:30,1.464,1.369,1.698,1.643
2023-05-27T22:40,1.457,1.363,1.737,1.681
2023-05-27T22:50,1.427,1.36,1.76,1.721
2023-05-27T23:00,1.412,1.362,1.8,1.762
2023-05-27T23:10,1.412,1.368,1.852,1.806
2023-05-27T23:20,1.416,1.378,1.884,1.85
2023-05-27T23:30,1.411,1.391,1.943,1.896
2023-05-27T23:40,1.422,1.41,1.997,1.943
2023-05-27T23:50,1.475,1.433,2.041,1.991
2023-05-28T00:00,1.497,1.459,2.083,2.037
2023-05-28T00:10,1.503,1.49,2.122,2.084
2023-05-28T00:20,1.533,1.524,2.161,2.131
2023-05-28T00:30,1.57,1.561,2.209,2.175
2023-05-28T00:40,1.607,1.603,2.247,2.219
2023-05-28T00:50,1.662,1.647,2.29,2.261
2023-05-28T01:00,1.678,1.695,2.331,2.301
2023-05-28T01:10,1.73,1.744,2.376,2.339
2023-05-28T01:20,1.785,1.796,2.41,2.374
2023-05-28T01:30,1.833,1.851,2.441,2.406
2023-05-28T01:40,1.914,1.906,2.469,2.436
2023-05-28T01:50,1.967,1.963,2.508,2.462
2023-05-28T02:00,2.015,2.021,2.537,2.484
2023-05-28T02:10,2.075,2.079,2.547,2.502
2023-05-28T02:20,2.134,2.138,2.557,2.517
2023-05-28T02:30,2.171,2.196,2.565,2.527
2023-05-28T02:40,2.228,2.251,2.57,2.534
2023-05-28T02:50,2.303,2.307,2.569,2.535
2023-05-28T03:00,2.343,2.362,2.58,2.533
2023-05-28T03:10,2.368,2.414,2.581,2.527
2023-05-28T03:20,2.457,2.465,2.554,2.516
2023-05-28T03:30,2.501,2.515,2.53,2.501
2023-05-28T03:40,2.563,2.56,2.521,2.483
2023-05-28T03:50,2.613,2.605,2.505,2.461
2023-05-28T04:00,2.636,2.646,2.479,2.435
2023-05-28T04:10,2.669,2.684,2.444,2.406
2023-05-28T04:20,2.717,2.717,2.398,2.373
2023-05-28T04:30,2.763,2.747,2.347,2.337
2023-05-28T04:40,2.797,2.77,2.306,2.298
2023-05-28T04:50,2.802,2.789,2.263,2.256
2023-05-28T05:00,2.838,2.803,2.217,2.211
2023-05-28T05:10,2.824,2.812,2.176,2.165
2023-05-28T05:20,2.836,2.815,2.125,2.115
2023-05-28T05:30,2.855,2.814,2.066,2.063
2023-05-28T05:40,2.857,2.807,2.026,2.011
2023-05-28T05:50,2.819,2.797,1.97,1.957
2023-05-28T06:00,2.809,2.781,1.91,1.902
2023-05-28T06:10,2.806,2.761,1.856,1.848
2023-05-28T06:20,2.808,2.736,1.793,1.793
2023-05-28T06:30,2.769,2.704,1.729,1.739
2023-05-28T06:40,2.753,2.669,1.671,1.687
2023-05-28T06:50,2.696,2.628,1.627,1.635
2023-05-28T07:00,2.633,2.581,1.578,1.585
2023-05-28T07:10,2.596,2.53,1.532,1.539
2023-05-28T07:20,2.555,2.475,1.481,1.493
2023-05-28T07:30,2.501,2.415,1.43,1.451
2023-05-28T07:40,2.418,2.353,1.393,1.411
2023-05-28T07:50,2.354,2.288,1.355,1.374
2023-05-28T08:00,2.295,2.221,1.306,1.339
2023-05-28T08:10,2.236,2.153,1.274,1.309
2023-05-28T08:20,2.194,2.085,1.243,1.282
2023-05-28T08:30,2.106,2.016,1.22,1.258
2023-05-28T08:40,2.032,1.946,1.197,1.237
2023-05-28T08:50,1.973,1.877,1.185,1.221
2023-05-28T09:00,1.874,1.806,1.169,1.208
2023-05-28T09:10,1.803,1.735,1.168,1.199
2023-05-28T09:20,1.741,1.667,1.155,1.193
2023-05-28T09:30,1.669,1.597,1.162,1.191
2023-05-28T09:40,1.589,1.529,1.184,1.193
2023-05-28T09:50,1.523,1.463,1.181,1.197
2023-05-28T10:00,1.47,1.398,1.198,1.206
2023-05-28T10:10,1.403,1.336,1.202,1.217
2023-05-28T10:20,1.317,1.278,1.227,1.231
2023-05-28T10:30,1.267,1.222,1.237,1.249
2023-05-28T10:40,1.221,1.171,1.263,1.27
2023-05-28T10:50,1.188,1.124,1.29,1.293
2023-05-28T11:00,1.136,1.08,1.319,1.319
2023-05-28T11:10,1.09,1.042,1.35,1.348
2023-05-28T11:20,1.036,1.008,1.386,1.378
2023-05-28T11:30,1.002,0.978,1.428,1.412
2023-05-28T11:40,0.962,0.955,1.467,1.448
2023-05-28T11:50,0.948,0.936,1.509,1.485
2023-05-28T12:00,0.904,0.923,1.543,1.523
2023-05-28T12:10,0.887,0.916,1.582,1.563
2023-05-28T12:20,0.882,0.914,1.619,1.602
2023-05-28T12:30,0.889,0.918,1.657,1.642
2023-05-28T12:40,0.898,0.927,1.705,1.683
2023-05-28T12:50,0.904,0.942,1.764,1.721
2023-05-28T13:00,0.919,0.962,1.816,1.76
2023-05-28T13:10,0.954,0.988,1.843,1.798
2023-05-28T13:20,0.977,1.017,1.873,1.833
2023-05-28T13:30,1.024,1.053,1.9,1.869
2023-05-28T13:40,1.07,1.093,1.944,1.903
2023-05-28T13:50,1.084,1.136,1.995,1.934
2023-05-28T14:00,1.139,1.185,2.021,1.964
2023-05-28T14:10,1.181,1.236,2.047,1.992
2023-05-28T14:20,1.229,1.288,2.073,2.017
2023-05-28T14:30,1.306,1.344,2.094,2.041
2023-05-28T14:40,1.354,1.4,2.119,2.062
2023-05-28T14:50,1.409,1.457,2.148,2.08
2023-05-28T15:00,1.477,1.515,2.162,2.095
2023-05-28T15:10,1.556,1.573,2.174,2.108
2023-05-28T15:20,1.623,1.63,2.19,2.117
2023-05-28T15:30,1.673,1.686,2.192,2.124
2023-05-28T15:40,1.72,1.743,2.201,2.129
2023-05-28T15:50,1.78,1.799,2.209,2.13
2023-05-28T16:00,1.847,1.853,2.207,2.129
2023-05-28T16:10,1.907,1.906,2.204,2.125
2023-05-28T16:20,1.942,1.957,2.195,2.118
2023-05-28T16:30,1.994,2.005,2.199,2.109
2023-05-28T16:40,2.049,2.051,2.188,2.097
2023-05-28T16:50,2.08,2.094,2.172,2.083
2023-05-28T17:00,2.141,2.131,2.172,2.066
2023-05-28T17:10,2.208,2.165,2.131,2.046
2023-05-28T17:20,2.244,2.195,2.107,2.024
2023-05-28T17:30,2.254,2.22,2.098,1.999
2023-05-28T17:40,2.266,2.242,2.062,1.972
2023-05-28T17:50,2.304,2.26,2.03,1.942
2023-05-28T18:00,2.322,2.274,1.989,1.912
2023-05-28T18:10,2.343,2.284,1.951,1.879
2023-05-28T18:20,2.344,2.291,1.912,1.845
2023-05-28T18:30,2.353,2.295,1.872,1.811
2023-05-28T18:40,2.344,2.293,1.848,1.776
2023-05-28T18:50,2.351,2.286,1.807,1.741
2023-05-28T19:00,2.334,2.276,1.756,1.707
2023-05-28T19:10,2.34,2.26,1.734,1.672
2023-05-28T19:20,2.314,2.239,1.695,1.638
2023-05-28T19:30,2.315,2.214,1.674,1.607
2023-05-28T19:40,2.293,2.183,1.646,1.575
2023-05-28T19:50,2.269,2.148,1.607,1.545
2023-05-28T20:00,2.223,2.11,1.59,1.518
2023-05-28T20:10,2.197,2.07,1.556,1.491
2023-05-28T20:20,2.155,2.027,1.52,1.467
2023-05-28T20:30,2.093,1.984,1.504,1.445
2023-05-28T20:40,2.041,1.939,1.491,1.425
2023-05-28T20:50,2.011,1.893,1.484,1.407
2023-05-28T21:00,1.964,1.848,1.469,1.393
2023-05-28T21:10,1.923,1.801,1.44,1.382
2023-05-28T21:20,1.881,1.755,1.432,1.373
2023-05-28T21:30,1.828,1.709,1.422,1.369
2023-05-28T21:40,1.788,1.663,1.442,1.367
2023-05-28T21:50,1.728,1.617,1.452,1.369
2023-05-28T22:00,1.699,1.573,1.457,1.374
2023-05-28T22:10,1.665,1.53,1.466,1.383
2023-05-28T22:20,1.606,1.488,1.471,1.396
2023-05-28T22:30,1.561,1.451,1.493,1.411
2023-05-28T22:40,1.517,1.416,1.499,1.431
2023-05-28T22:50,1.477,1.384,1.524,1.455
2023-05-28T23:00,1.445,1.357,1.558,1.481
2023-05-28T23:10,1.408,1.334,1.582,1.511
2023-05-28T23:20,1.371,1.315,1.608,1.545
2023-05-28T23:30,1.361,1.301,1.649,1.581
2023-05-28T23:40,1.354,1.293,1.679,1.622
2023-05-28T23:50,1.339,1.289,1.725,1.666
2023-05-29T00:00,1.346,1.289,1.776,1.711
2023-05-29T00:10,1.339,1.295,1.811,1.759
2023-05-29T00:20,1.349,1.306,1.85,1.809
2023-05-29T00:30,1.376,1.322,1.906,1.861
2023-05-29T00:40,1.365,1.341,1.96,1.912
2023-05-29T00:50,1.37,1.367,2.011,1.964
2023-05-29T01:00,1.399,1.396,2.077,2.017
2023-05-29T01:10,1.432,1.43,2.134,2.067
2023-05-29T01:20,1.483,1.469,2.193,2.118
2023-05-29T01:30,1.498,1.512,2.246,2.168
2023-05-29T01:40,1.526,1.559,2.291,2.215
2023-05-29T01:50,1.604,1.61,2.329,2.261
2023-05-29T02:00,1.662,1.665,2.372,2.305
2023-05-29T02:10,1.712,1.722,2.413,2.345
2023-05-29T02:20,1.765,1.784,2.441,2.384
2023-05-29T02:30,1.837,1.847,2.464,2.419
2023-05-29T02:40,1.889,1.91,2.488,2.451
2023-05-29T02:50,1.939,1.974,2.515,2.479
2023-05-29T03:00,2.01,2.039,2.548,2.503
2023-05-29T03:10,2.076,2.103,2.553,2.523
2023-05-29T03:20,2.157,2.167,2.578,2.539
2023-05-29T03:30,2.23,2.23,2.59,2.55
2023-05-29T03:40,2.275,2.29,2.59,2.557
2023-05-29T03:50,2.342,2.351,2.585,2.559
2023-05-29T04:00,2.416,2.41,2.588,2.556
2023-05-29T04:10,2.474,2.467,2.581,2.548
2023-05-29T04:20,2.505,2.522,2.551,2.536
2023-05-29T04:30,2.559,2.575,2.521,2.519
2023-05-29T04:40,2.602,2.623,2.503,2.497
2023-05-29T04:50,2.638,2.669,2.472,2.472
2023-05-29T05:00,2.687,2.71,2.447,2.442
2023-05-29T05:10,2.721,2.746,2.415,2.408
2023-05-29T05:20,2.745,2.776,2.378,2.37
2023-05-29T05:30,2.774,2.801,2.322,2.327
2023-05-29T05:40,2.8,2.819,2.258,2.282
2023-05-29T05:50,2.821,2.832,2.206,2.232
2023-05-29T06:00,2.842,2.839,2.146,2.18
2023-05-29T06:10,2.831,2.841,2.096,2.125
2023-05-29T06:20,2.839,2.838,2.047,2.068
2023-05-29T06:30,2.837,2.828,1.99,2.008
2023-05-29T06:40,2.84,2.814,1.931,1.949
2023-05-29T06:50,2.803,2.795,1.872,1.888
2023-05-29T07:00,2.776,2.77,1.805,1.827
2023-05-29T07:10,2.756,2.738,1.745,1.766
2023-05-29T07:20,2.718,2.701,1.684,1.708
2023-05-29T07:30,2.65,2.657,1.618,1.649
2023-05-29T07:40,2.647,2.606,1.549,1.592
2023-05-29T07:50,2.599,2.55,1.478,1.538
2023-05-29T08:00,2.526,2.488,1.41,1.485
2023-05-29T08:10,2.461,2.421,1.367,1.435
2023-05-29T08:20,2.4,2.351,1.317,1.388
2023-05-29T08:30,2.332,2.277,1.279,1.343
2023-05-29T08:40,2.257,2.2,1.246,1.3
2023-05-29T08:50,2.18,2.124,1.206,1.262
2023-05-29T09:00,2.101,2.046,1.171,1.226
2023-05-29T09:10,2.017,1.967,1.147,1.194
2023-05-29T09:20,1.921,1.889,1.123,1.165
2023-05-29T09:30,1.853,1.811,1.095,1.141
2023-05-29T09:40,1.788,1.732,1.073,1.12
2023-05-29T09:50,1.695,1.655,1.057,1.104
2023-05-29T10:00,1.614,1.577,1.049,1.092
2023-05-29T10:10,1.544,1.501,1.038,1.084
2023-05-29T10:20,1.465,1.426,1.038,1.08
2023-05-29T10:30,1.387,1.352,1.029,1.081
2023-05-29T10:40,1.325,1.281,1.046,1.086
2023-05-29T10:50,1.264,1.213,1.061,1.094
2023-05-29T11:00,1.183,1.149,1.093,1.108
2023-05-29T11:10,1.142,1.088,1.119,1.125
2023-05-29T11:20,1.084,1.032,1.149,1.145
2023-05-29T11:30,0.994,0.981,1.177,1.171
2023-05-29T11:40,0.96,0.935,1.2,1.2
2023-05-29T11:50,0.9,0.896,1.228,1.232
2023-05-29T12:00,0.868,0.861,1.268,1.268
2023-05-29T12:10,0.831,0.833,1.324,1.308
2023-05-29T12:20,0.81,0.811,1.374,1.349
2023-05-29T12:30,0.793,0.795,1.41,1.395
2023-05-29T12:40,0.762,0.785,1.453,1.442
2023-05-29T12:50,0.759,0.781,1.5,1.489
2023-05-29T13:00,0.749,0.783,1.549,1.539
2023-05-29T13:10,0.75,0.792,1.614,1.589
2023-05-29T13:20,0.775,0.807,1.656,1.638
2023-05-29T13:30,0.789,0.827,1.696,1.688
2023-05-29T13:40,0.813,0.855,1.738,1.738
2023-05-29T13:50,0.847,0.889,1.788,1.786
2023-05-29T14:00,0.883,0.929,1.858,1.834
2023-05-29T14:10,0.942,0.975,1.907,1.881
2023-05-29T14:20,0.994,1.028,1.959,1.926
2023-05-29T14:30,1.066,1.083,1.995,1.969
2023-05-29T14:40,1.136,1.144,2.037,2.011
2023-05-29T14:50,1.176,1.209,2.081,2.052
2023-05-29T15:00,1.241,1.274,2.127,2.089
2023-05-29T15:10,1.311,1.343,2.159,2.125
2023-05-29T15:20,1.393,1.413,2.186,2.159
2023-05-29T15:30,1.429,1.482,2.233,2.188
2023-05-29T15:40,1.549,1.552,2.241,2.216
2023-05-29T15:50,1.607,1.623,2.257,2.24
2023-05-29T16:00,1.667,1.692,2.284,2.26
2023-05-29T16:10,1.752,1.761,2.292,2.278
2023-05-29T16:20,1.83,1.831,2.323,2.29
2023-05-29T16:30,1.908,1.898,2.329,2.3
2023-05-29T16:40,1.978,1.965,2.336,2.305
2023-05-29T16:50,2.073,2.031,2.349,2.308
2023-05-29T17:00,2.12,2.093,2.327,2.306
2023-05-29T17:10,2.185,2.153,2.326,2.301
2023-05-29T17:20,2.227,2.209,2.305,2.291
2023-05-29T17:30,2.277,2.26,2.292,2.278
2023-05-29T17:40,2.336,2.306,2.263,2.26
2023-05-29T17:50,2.379,2.349,2.223,2.239
2023-05-29T18:00,2.404,2.385,2.212,2.215
2023-05-29T18:10,2.44,2.417,2.19,2.186
2023-05-29T18:20,2.472,2.445,2.155,2.153
2023-05-29T18:30,2.498,2.468,2.111,2.119
2023-05-29T18:40,2.517,2.486,2.05,2.081
2023-05-29T18:50,2.533,2.501,2.026,2.04
2023-05-29T19:00,2.553,2.512,1.981,1.999
2023-05-29T19:10,2.552,2.516,1.934,1.956
2023-05-29T19:20,2.558,2.517,1.895,1.911
2023-05-29T19:30,2.551,2.512,1.844,1.868
2023-05-29T19:40,2.542,2.5,1.801,1.822
2023-05-29T19:50,2.543,2.481,1.755,1.778
2023-05-29T20:00,2.494,2.456,1.699,1.735
2023-05-29T20:10,2.462,2.425,1.65,1.691
2023-05-29T20:20,2.424,2.386,1.605,1.649
2023-05-29T20:30,2.389,2.344,1.557,1.609
2023-05-29T20:40,2.356,2.297,1.527,1.569
2023-05-29T20:50,2.317,2.245,1.496,1.53
2023-05-29T21:00,2.267,2.191,1.463,1.494
2023-05-29T21:10,2.228,2.136,1.426,1.459
2023-05-29T21:20,2.167,2.079,1.369,1.427
2023-05-29T21:30,2.108,2.021,1.333,1.398
2023-05-29T21:40,2.046,1.964,1.32,1.37
2023-05-29T21:50,2.001,1.905,1.292,1.346
2023-05-29T22:00,1.937,1.846,1.288,1.325
2023-05-29T22:10,1.865,1.788,1.259,1.309
2023-05-29T22:20,1.803,1.728,1.248,1.296
2023-05-29T22:30,1.743,1.67,1.234,1.287
2023-05-29T22:40,1.677,1.613,1.224,1.283
2023-05-29T22:50,1.624,1.556,1.244,1.283
2023-05-29T23:00,1.556,1.502,1.24,1.288
2023-05-29T23:10,1.518,1.451,1.246,1.297
2023-05-29T23:20,1.477,1.403,1.25,1.31
2023-05-29T23:30,1.423,1.359,1.249,1.329
2023-05-29T23:40,1.373,1.321,1.293,1.352
2023-05-29T23:50,1.34,1.287,1.323,1.38
2023-05-30T00:00,1.305,1.258,1.348,1.412
2023-05-30T00:10,1.267,1.236,1.396,1.449
2023-05-30T00:20,1.24,1.218,1.442,1.49
2023-05-30T00:30,1.215,1.208,1.496,1.536
2023-05-30T00:40,1.212,1.202,1.554,1.584
2023-05-30T00:50,1.218,1.202,1.618,1.636
2023-05-30T01:00,1.204,1.207,1.668,1.691
2023-05-30T01:10,1.196,1.218,1.725,1.746
2023-05-30T01:20,1.205,1.234,1.777,1.804
2023-05-30T01:30,1.222,1.255,1.832,1.863
2023-05-30T01:40,1.253,1.283,1.896,1.921
2023-05-30T01:50,1.292,1.315,1.958,1.979
2023-05-30T02:00,1.322,1.354,2.009,2.036
2023-05-30T02:10,1.361,1.398,2.061,2.092
2023-05-30T02:20,1.401,1.448,2.114,2.146
2023-05-30T02:30,1.454,1.503,2.187,2.2
2023-05-30T02:40,1.515,1.561,2.246,2.25
2023-05-30T02:50,1.587,1.624,2.288,2.299
2023-05-30T03:00,1.641,1.691,2.332,2.346
2023-05-30T03:10,1.726,1.758,2.37,2.388
2023-05-30T03:20,1.795,1.828,2.405,2.429
2023-05-30T03:30,1.861,1.898,2.418,2.466
2023-05-30T03:40,1.918,1.967,2.451,2.499
2023-05-30T03:50,1.984,2.038,2.499,2.528
2023-05-30T04:00,2.062,2.107,2.524,2.551
2023-05-30T04:10,2.131,2.175,2.531,2.57
2023-05-30T04:20,2.206,2.242,2.535,2.584
2023-05-30T04:30,2.268,2.308,2.548,2.592
2023-05-30T04:40,2.339,2.373,2.56,2.595
2023-05-30T04:50,2.426,2.435,2.545,2.592
2023-05-30T05:00,2.478,2.496,2.525,2.584
2023-05-30T05:10,2.551,2.554,2.504,2.57
2023-05-30T05:20,2.587,2.608,2.482,2.552
2023-05-30T05:30,2.627,2.657,2.447,2.527
2023-05-30T05:40,2.667,2.702,2.409,2.497
2023-05-30T05:50,2.689,2.74,2.399,2.462
2023-05-30T06:00,2.734,2.773,2.351,2.423
2023-05-30T06:10,2.764,2.798,2.275,2.377
2023-05-30T06:20,2.796,2.818,2.226,2.328
2023-05-30T06:30,2.788,2.83,2.187,2.274
2023-05-30T06:40,2.778,2.837,2.126,2.216
2023-05-30T06:50,2.79,2.839,2.06,2.156
2023-05-30T07:00,2.821,2.835,1.983,2.091
2023-05-30T07:10,2.825,2.825,1.921,2.026
2023-05-30T07:20,2.809,2.81,1.849,1.96
2023-05-30T07:30,2.8,2.789,1.778,1.892
2023-05-30T07:40,2.757,2.761,1.716,1.823
2023-05-30T07:50,2.699,2.727,1.652,1.757
2023-05-30T08:00,2.661,2.684,1.579,1.69
2023-05-30T08:10,2.61,2.635,1.5,1.625
2023-05-30T08:20,2.562,2.579,1.445,1.563
2023-05-30T08:30,2.476,2.515,1.381,1.502
2023-05-30T08:40,2.43,2.445,1.316,1.442
2023-05-30T08:50,2.36,2.371,1.256,1.386
2023-05-30T09:00,2.289,2.291,1.191,1.332
2023-05-30T09:10,2.213,2.208,1.157,1.279
2023-05-30T09:20,2.165,2.124,1.119,1.232
2023-05-30T09:30,2.071,2.037,1.076,1.186
2023-05-30T09:40,1.998,1.951,1.032,1.143
2023-05-30T09:50,1.908,1.866,1.013,1.104
2023-05-30T10:00,1.812,1.78,0.975,1.069
2023-05-30T10:10,1.751,1.694,0.938,1.038
2023-05-30T10:20,1.633,1.611,0.925,1.012
2023-05-30T10:30,1.54,1.527,0.913,0.99
2023-05-30T10:40,1.465,1.445,0.903,0.974
2023-05-30T10:50,1.388,1.364,0.894,0.962
2023-05-30T11:00,1.326,1.284,0.879,0.955
2023-05-30T11:10,1.256,1.206,0.867,0.953
2023-05-30T11:20,1.186,1.13,0.88,0.957
2023-05-30T11:30,1.109,1.06,0.887,0.966
2023-05-30T11:40,1.037,0.992,0.909,0.98
2023-05-30T11:50,0.977,0.929,0.948,0.999
2023-05-30T12:00,0.912,0.873,0.96,1.024
2023-05-30T12:10,0.862,0.822,0.99,1.054
2023-05-30T12:20,0.823,0.778,1.025,1.089
2023-05-30T12:30,0.785,0.741,1.08,1.128
2023-05-30T12:40,0.751,0.71,1.14,1.172
2023-05-30T12:50,0.706,0.687,1.185,1.22
2023-05-30T13:00,0.683,0.67,1.222,1.271
2023-05-30T13:10,0.692,0.659,1.274,1.326
2023-05-30T13:20,0.67,0.655,1.334,1.385
2023-05-30T13:30,0.667,0.657,1.386,1.443
2023-05-30T13:40,0.658,0.667,1.45,1.504
2023-05-30T13:50,0.673,0.683,1.512,1.566
2023-05-30T14:00,0.685,0.707,1.575,1.627
2023-05-30T14:10,0.743,0.738,1.626,1.689
2023-05-30T14:20,0.768,0.777,1.706,1.75
2023-05-30T14:30,0.808,0.822,1.755,1.809
2023-05-30T14:40,0.866,0.876,1.823,1.869
2023-05-30T14:50,0.935,0.936,1.885,1.927
2023-05-30T15:00,1,1.001,1.945,1.983
2023-05-30T15:10,1.066,1.072,2.018,2.038
2023-05-30T15:20,1.121,1.147,2.055,2.092
2023-05-30T15:30,1.191,1.224,2.108,2.143
2023-05-30T15:40,1.267,1.304,2.17,2.194
2023-05-30T15:50,1.339,1.386,2.214,2.242
2023-05-30T16:00,1.427,1.467,2.267,2.286
2023-05-30T16:10,1.51,1.549,2.325,2.328
2023-05-30T16:20,1.571,1.632,2.362,2.365
2023-05-30T16:30,1.652,1.713,2.39,2.399
2023-05-30T16:40,1.782,1.795,2.417,2.429
2023-05-30T16:50,1.874,1.877,2.444,2.454
2023-05-30T17:00,1.957,1.956,2.471,2.475
2023-05-30T17:10,2.038,2.036,2.491,2.491
2023-05-30T17:20,2.11,2.114,2.503,2.501
2023-05-30T17:30,2.19,2.188,2.515,2.507
2023-05-30T17:40,2.256,2.26,2.52,2.508
2023-05-30T17:50,2.309,2.33,2.504,2.503
2023-05-30T18:00,2.372,2.393,2.498,2.493
2023-05-30T18:10,2.431,2.45,2.482,2.478
2023-05-30T18:20,2.465,2.504,2.457,2.457
2023-05-30T18:30,2.514,2.551,2.421,2.431
2023-05-30T18:40,2.573,2.592,2.378,2.401
2023-05-30T18:50,2.615,2.628,2.343,2.365
2023-05-30T19:00,2.659,2.66,2.307,2.325
2023-05-30T19:10,2.705,2.686,2.264,2.281
2023-05-30T19:20,2.755,2.708,2.22,2.234
2023-05-30T19:30,2.753,2.725,2.161,2.183
2023-05-30T19:40,2.765,2.737,2.09,2.132
2023-05-30T19:50,2.768,2.742,2.027,2.078
2023-05-30T20:00,2.743,2.741,1.957,2.023
2023-05-30T20:10,2.744,2.734,1.891,1.969
2023-05-30T20:20,2.739,2.718,1.824,1.913
2023-05-30T20:30,2.736,2.694,1.763,1.858
2023-05-30T20:40,2.698,2.664,1.712,1.805
2023-05-30T20:50,2.636,2.623,1.652,1.751
2023-05-30T21:00,2.554,2.576,1.599,1.698
2023-05-30T21:10,2.547,2.524,1.538,1.647
2023-05-30T21:20,2.511,2.465,1.472,1.596
2023-05-30T21:30,2.459,2.402,1.417,1.547
2023-05-30T21:40,2.385,2.337,1.364,1.5
2023-05-30T21:50,2.301,2.269,1.324,1.454
2023-05-30T22:00,2.232,2.199,1.282,1.41
2023-05-30T22:10,2.14,2.13,1.258,1.369
2023-05-30T22:20,2.077,2.059,1.228,1.331
2023-05-30T22:30,2.032,1.988,1.192,1.296
2023-05-30T22:40,1.948,1.918,1.162,1.265
2023-05-30T22:50,1.854,1.847,1.127,1.238
2023-05-30T23:00,1.782,1.776,1.115,1.215
2023-05-30T23:10,1.72,1.706,1.11,1.197
2023-05-30T23:20,1.642,1.637,1.107,1.185
2023-05-30T23:30,1.592,1.569,1.099,1.178
2023-05-30T23:40,1.547,1.504,1.102,1.176
2023-05-30T23:50,1.471,1.441,1.088,1.18
2023-05-31T00:00,1.415,1.382,1.107,1.189
2023-05-31T00:10,1.352,1.329,1.151,1.205
2023-05-31T00:20,1.328,1.28,1.179,1.226
2023-05-31T00:30,1.286,1.238,1.21,1.253
2023-05-31T00:40,1.263,1.203,1.243,1.285
2023-05-31T00:50,1.203,1.173,1.289,1.324
2023-05-31T01:00,1.18,1.151,1.345,1.368
2023-05-31T01:10,1.161,1.135,1.414,1.416
2023-05-31T01:20,1.16,1.125,1.476,1.47
2023-05-31T01:30,1.17,1.12,1.543,1.527
2023-05-31T01:40,1.174,1.122,1.611,1.586
2023-05-31T01:50,1.158,1.129,1.673,1.649
2023-05-31T02:00,1.14,1.143,1.725,1.713
2023-05-31T02:10,1.176,1.163,1.776,1.776
2023-05-31T02:20,1.21,1.189,1.847,1.84
2023-05-31T02:30,1.248,1.222,1.93,1.905
2023-05-31T02:40,1.304,1.262,1.997,1.967
2023-05-31T02:50,1.336,1.307,2.054,2.029
2023-05-31T03:00,1.367,1.36,2.106,2.09
2023-05-31T03:10,1.446,1.418,2.158,2.149
2023-05-31T03:20,1.48,1.481,2.209,2.205
2023-05-31T03:30,1.594,1.549,2.274,2.26
2023-05-31T03:40,1.636,1.62,2.326,2.313
2023-05-31T03:50,1.698,1.691,2.378,2.363
2023-05-31T04:00,1.765,1.765,2.427,2.41
2023-05-31T04:10,1.846,1.839,2.464,2.454
2023-05-31T04:20,1.916,1.912,2.487,2.493
2023-05-31T04:30,2.003,1.985,2.5,2.528
2023-05-31T04:40,2.081,2.057,2.511,2.558
2023-05-31T04:50,2.146,2.128,2.528,2.584
2023-05-31T05:00,2.208,2.198,2.55,2.603
2023-05-31T05:10,2.288,2.268,2.562,2.617
2023-05-31T05:20,2.343,2.335,2.563,2.624
2023-05-31T05:30,2.438,2.401,2.561,2.625
2023-05-31T05:40,2.497,2.464,2.556,2.619
2023-05-31T05:50,2.563,2.523,2.536,2.607
2023-05-31T06:00,2.606,2.579,2.512,2.59
2023-05-31T06:10,2.635,2.629,2.474,2.564
2023-05-31T06:20,2.689,2.673,2.434,2.534
2023-05-31T06:30,2.734,2.71,2.407,2.496
2023-05-31T06:40,2.752,2.741,2.358,2.452
2023-05-31T06:50,2.792,2.764,2.315,2.403
2023-05-31T07:00,2.769,2.782,2.254,2.348
2023-05-31T07:10,2.774,2.793,2.185,2.288
2023-05-31T07:20,2.811,2.798,2.12,2.224
2023-05-31T07:30,2.804,2.797,2.046,2.155
2023-05-31T07:40,2.798,2.79,1.98,2.083
2023-05-31T07:50,2.779,2.778,1.904,2.011
2023-05-31T08:00,2.763,2.76,1.811,1.936
2023-05-31T08:10,2.725,2.735,1.737,1.861
2023-05-31T08:20,2.702,2.704,1.666,1.787
2023-05-31T08:30,2.691,2.665,1.602,1.713
2023-05-31T08:40,2.599,2.617,1.523,1.64
2023-05-31T08:50,2.547,2.563,1.443,1.57
2023-05-31T09:00,2.471,2.499,1.361,1.501
2023-05-31T09:10,2.384,2.428,1.293,1.434
2023-05-31T09:20,2.343,2.351,1.241,1.371
2023-05-31T09:30,2.247,2.269,1.179,1.309
2023-05-31T09:40,2.185,2.181,1.124,1.249
2023-05-31T09:50,2.111,2.091,1.076,1.194
2023-05-31T10:00,2.006,2,1.014,1.14
2023-05-31T10:10,1.918,1.908,0.947,1.089
2023-05-31T10:20,1.837,1.815,0.911,1.042
2023-05-31T10:30,1.745,1.725,0.893,0.999
2023-05-31T10:40,1.639,1.635,0.869,0.96
2023-05-31T10:50,1.57,1.545,0.845,0.925
2023-05-31T11:00,1.454,1.459,0.804,0.895
2023-05-31T11:10,1.373,1.373,0.766,0.87
2023-05-31T11:20,1.314,1.288,0.753,0.851
2023-05-31T11:30,1.207,1.205,0.754,0.837
2023-05-31T11:40,1.137,1.124,0.756,0.829
2023-05-31T11:50,1.046,1.044,0.768,0.828
2023-05-31T12:00,0.978,0.969,0.769,0.833
2023-05-31T12:10,0.937,0.897,0.772,0.844
2023-05-31T12:20,0.861,0.829,0.789,0.861
2023-05-31T12:30,0.808,0.769,0.804,0.885
2023-05-31T12:40,0.777,0.714,0.844,0.915
2023-05-31T12:50,0.705,0.668,0.902,0.951
2023-05-31T13:00,0.681,0.629,0.941,0.993
2023-05-31T13:10,0.656,0.597,0.998,1.042
2023-05-31T13:20,0.625,0.572,1.056,1.096
2023-05-31T13:30,0.588,0.556,1.125,1.154
2023-05-31T13:40,0.576,0.547,1.199,1.218
2023-05-31T13:50,0.55,0.544,1.284,1.286
2023-05-31T14:00,0.561,0.549,1.363,1.355
2023-05-31T14:10,0.567,0.561,1.439,1.427
2023-05-31T14:20,0.602,0.58,1.505,1.501
2023-05-31T14:30,0.622,0.606,1.581,1.574
2023-05-31T14:40,0.648,0.641,1.651,1.648
2023-05-31T14:50,0.697,0.684,1.728,1.722
2023-05-31T15:00,0.772,0.734,1.807,1.793
2023-05-31T15:10,0.853,0.794,1.894,1.865
2023-05-31T15:20,0.91,0.861,1.961,1.935
2023-05-31T15:30,0.992,0.935,2.033,2.003
2023-05-31T15:40,1.051,1.015,2.106,2.07
2023-05-31T15:50,1.128,1.101,2.176,2.137
2023-05-31T16:00,1.189,1.189,2.233,2.2
2023-05-31T16:10,1.245,1.28,2.31,2.263
2023-05-31T16:20,1.367,1.373,2.372,2.323
2023-05-31T16:30,1.451,1.467,2.409,2.38
2023-05-31T16:40,1.571,1.559,2.458,2.435
2023-05-31T16:50,1.679,1.652,2.504,2.486
2023-05-31T17:00,1.712,1.745,2.549,2.533
2023-05-31T17:10,1.857,1.837,2.593,2.575
2023-05-31T17:20,1.958,1.928,2.634,2.612
2023-05-31T17:30,2.059,2.02,2.656,2.644
2023-05-31T17:40,2.146,2.109,2.673,2.669
2023-05-31T17:50,2.225,2.198,2.696,2.689
2023-05-31T18:00,2.29,2.285,2.71,2.703
2023-05-31T18:10,2.38,2.367,2.707,2.71
2023-05-31T18:20,2.445,2.447,2.704,2.711
2023-05-31T18:30,2.537,2.52,2.696,2.705
2023-05-31T18:40,2.603,2.588,2.678,2.692
2023-05-31T18:50,2.642,2.651,2.645,2.673
2023-05-31T19:00,2.717,2.708,2.625,2.647
2023-05-31T19:10,2.767,2.757,2.596,2.615
2023-05-31T19:20,2.817,2.802,2.548,2.575
2023-05-31T19:30,2.866,2.842,2.49,2.53
2023-05-31T19:40,2.901,2.874,2.434,2.481
2023-05-31T19:50,2.953,2.903,2.38,2.426
2023-05-31T20:00,2.979,2.926,2.311,2.367
2023-05-31T20:10,3.012,2.944,2.252,2.307
2023-05-31T20:20,3.021,2.955,2.182,2.243
2023-05-31T20:30,3.016,2.959,2.125,2.178
2023-05-31T20:40,3.007,2.956,2.06,2.113
2023-05-31T20:50,2.982,2.944,1.979,2.047
2023-05-31T21:00,2.979,2.922,1.913,1.981
2023-05-31T21:10,2.907,2.892,1.844,1.917
2023-05-31T21:20,2.819,2.853,1.778,1.853
2023-05-31T21:30,2.837,2.803,1.725,1.789
2023-05-31T21:40,2.742,2.747,1.668,1.728
2023-05-31T21:50,2.687,2.683,1.605,1.666
2023-05-31T22:00,2.614,2.612,1.549,1.605
2023-05-31T22:10,2.552,2.539,1.488,1.547
2023-05-31T22:20,2.495,2.461,1.434,1.49
2023-05-31T22:30,2.437,2.381,1.392,1.434
2023-05-31T22:40,2.335,2.301,1.348,1.382
2023-05-31T22:50,2.252,2.219,1.304,1.33
2023-05-31T23:00,2.175,2.137,1.247,1.282
2023-05-31T23:10,2.056,2.055,1.197,1.238
2023-05-31T23:20,2.009,1.974,1.175,1.198
2023-05-31T23:30,1.921,1.892,1.146,1.162
2023-05-31T23:40,1.81,1.811,1.106,1.132
2023-05-31T23:50,1.719,1.731,1.081,1.107
2023-06-01T00:00,1.639,1.651,1.073,1.087
2023-06-01T00:10,1.582,1.573,1.061,1.074
2023-06-01T00:20,1.52,1.498,1.051,1.066
2023-06-01T00:30,1.456,1.427,1.045,1.066
2023-06-01T00:40,1.381,1.359,1.07,1.072
2023-06-01T00:50,1.364,1.299,1.099,1.085
2023-06-01T01:00,1.316,1.243,1.114,1.106
2023-06-01T01:10,1.27,1.195,1.143,1.133
2023-06-01T01:20,1.194,1.155,1.178,1.167
2023-06-01T01:30,1.156,1.121,1.231,1.208
2023-06-01T01:40,1.141,1.096,1.288,1.255
2023-06-01T01:50,1.124,1.076,1.35,1.308
2023-06-01T02:00,1.098,1.063,1.424,1.366
2023-06-01T02:10,1.099,1.056,1.5,1.428
2023-06-01T02:20,1.088,1.055,1.553,1.493
2023-06-01T02:30,1.113,1.06,1.621,1.561
2023-06-01T02:40,1.117,1.072,1.695,1.63
2023-06-01T02:50,1.149,1.089,1.771,1.699
2023-06-01T03:00,1.171,1.115,1.833,1.769
2023-06-01T03:10,1.218,1.147,1.896,1.838
2023-06-01T03:20,1.256,1.187,1.961,1.905
2023-06-01T03:30,1.305,1.234,2.028,1.972
2023-06-01T03:40,1.334,1.29,2.103,2.037
2023-06-01T03:50,1.373,1.35,2.166,2.1
2023-06-01T04:00,1.496,1.416,2.237,2.161
2023-06-01T04:10,1.524,1.487,2.299,2.221
2023-06-01T04:20,1.609,1.559,2.359,2.277
2023-06-01T04:30,1.693,1.633,2.398,2.333
2023-06-01T04:40,1.752,1.708,2.436,2.385
2023-06-01T04:50,1.831,1.783,2.493,2.433
2023-06-01T05:00,1.876,1.858,2.537,2.478
2023-06-01T05:10,1.989,1.931,2.564,2.519
2023-06-01T05:20,2.053,2.003,2.592,2.554
2023-06-01T05:30,2.093,2.076,2.631,2.584
2023-06-01T05:40,2.187,2.147,2.641,2.608
2023-06-01T05:50,2.274,2.217,2.648,2.625
2023-06-01T06:00,2.368,2.286,2.672,2.636
2023-06-01T06:10,2.43,2.352,2.675,2.639
2023-06-01T06:20,2.443,2.415,2.658,2.636
2023-06-01T06:30,2.546,2.474,2.633,2.625
2023-06-01T06:40,2.566,2.528,2.618,2.607
2023-06-01T06:50,2.643,2.575,2.596,2.582
2023-06-01T07:00,2.66,2.616,2.55,2.549
2023-06-01T07:10,2.652,2.65,2.502,2.508
2023-06-01T07:20,2.696,2.677,2.436,2.461
2023-06-01T07:30,2.691,2.697,2.38,2.406
2023-06-01T07:40,2.687,2.71,2.302,2.345
2023-06-01T07:50,2.734,2.718,2.215,2.279
2023-06-01T08:00,2.693,2.719,2.14,2.207
2023-06-01T08:10,2.706,2.716,2.07,2.131
2023-06-01T08:20,2.705,2.707,1.983,2.052
2023-06-01T08:30,2.697,2.692,1.906,1.972
2023-06-01T08:40,2.709,2.671,1.825,1.89
2023-06-01T08:50,2.666,2.643,1.738,1.808
2023-06-01T09:00,2.582,2.607,1.652,1.727
2023-06-01T09:10,2.538,2.563,1.564,1.647
2023-06-01T09:20,2.505,2.512,1.489,1.569
2023-06-01T09:30,2.454,2.451,1.425,1.494
2023-06-01T09:40,2.398,2.382,1.359,1.421
2023-06-01T09:50,2.301,2.305,1.276,1.35
2023-06-01T10:00,2.202,2.223,1.212,1.283
2023-06-01T10:10,2.117,2.135,1.154,1.217
2023-06-01T10:20,2.035,2.043,1.092,1.155
2023-06-01T10:30,1.944,1.95,1.03,1.096
2023-06-01T10:40,1.856,1.854,0.97,1.04
2023-06-01T10:50,1.753,1.758,0.918,0.986
2023-06-01T11:00,1.695,1.664,0.865,0.937
2023-06-01T11:10,1.577,1.57,0.821,0.891
2023-06-01T11:20,1.467,1.478,0.784,0.849
2023-06-01T11:30,1.378,1.389,0.758,0.813
2023-06-01T11:40,1.285,1.301,0.731,0.781
2023-06-01T11:50,1.182,1.214,0.716,0.756
2023-06-01T12:00,1.132,1.13,0.699,0.736
2023-06-01T12:10,1.02,1.047,0.684,0.723
2023-06-01T12:20,0.969,0.965,0.673,0.716
2023-06-01T12:30,0.859,0.888,0.673,0.716
2023-06-01T12:40,0.793,0.813,0.702,0.723
2023-06-01T12:50,0.731,0.744,0.719,0.737
2023-06-01T13:00,0.681,0.681,0.755,0.759
2023-06-01T13:10,0.623,0.624,0.798,0.788
2023-06-01T13:20,0.584,0.574,0.84,0.825
2023-06-01T13:30,0.52,0.533,0.891,0.869
2023-06-01T13:40,0.51,0.5,0.964,0.92
2023-06-01T13:50,0.495,0.476,1.037,0.979
2023-06-01T14:00,0.481,0.461,1.107,1.043
2023-06-01T14:10,0.484,0.453,1.185,1.114
2023-06-01T14:20,0.468,0.452,1.258,1.189
2023-06-01T14:30,0.477,0.459,1.332,1.268
2023-06-01T14:40,0.518,0.474,1.427,1.351
2023-06-01T14:50,0.518,0.495,1.517,1.436
2023-06-01T15:00,0.544,0.525,1.609,1.521
