Date,"A001, Bicentennial Bikeway, Auchenflower  _Pedestrian","A001, Bicentennial Bikeway, Auchenflower  _Cyclist","A019, Bicentennial Bikeway, Milton  _Pedestrian","A019, Bicentennial Bikeway, Milton  _Cyclist","A002, Bishop Street, Kelvin Grove  _Pedestrian","A002, Bishop Street, Kelvin Grove  _Cyclist","A023, Botanic Gardens, City  _Pedestrian","A023, Botanic Gardens, City  _Cyclist","A003, Ekibin Park, Greenslopes  _Pedestrian","A003, Ekibin Park, Greenslopes  _Cyclist","A004, Eleanor Schonell Br Cyclists, St Lucia  _Cyclist","A004, Eleanor Schonell Br Pedestrians, St Lucia  _Pedestrian","A005, Go Between Br Cyclists, South Brisbane   _Cyclist","A005, Go Between Br Pedestrians, South Brisbane  _Pedestrian","A006, Granville St Bridge, Herston  _Pedestrian","A006, Granville St Bridge, Herston  _Cyclist","A020, Gympie Rd (Marchant Park), Chermside  _Pedestrian","A020, Gympie Rd (Marchant Park), Chermside  _Cyclist","A007, Jack Pesch Bridge, Indooroopilly_Pedestrian","A007, Jack Pesch Bridge, Indooroopilly_Cyclist","A008, Kangaroo Point Bikeway, Kangaroo Point  _Pedestrian","A008, Kangaroo Point Bikeway, Kangaroo Point  _Cyclist","A009, Kedron Brook Bikeway, Lutwyche  _Pedestrian","A009, Kedron Brook Bikeway, Lutwyche  _Cyclist","A010, Kedron Brook Bikeway, Mitchelton  _Pedestrian","A010, Kedron Brook Bikeway, Mitchelton  _Cyclist","A011, Lambert Rd, Indooroopilly  _Cyclist","A021, Lores Bonney Riverwalk, Hamilton  _Pedestrian","A021, Lores Bonney Riverwalk, Hamilton  _Cyclist","A018, Macquarie Street, St Lucia  _Pedestrian","A018, Macquarie Street, St Lucia  _Cyclist","A017, Norman Creek Bridge, Norman Park  _Pedestrian","A017, Norman Creek Bridge, Norman Park  _Cyclist","A012, North Brisbane Bikeway (Mann Park), Windsor  _Pedestrian","A012, North Brisbane Bikeway (Mann Park), Windsor  _Cyclist","A013, Riverwalk, Newfarm  _Pedestrian","A013, Riverwalk, Newfarm  _Cyclist","A014, Schulz Canal Bridge, Nundah  _Pedestrian","A014, Schulz Canal Bridge, Nundah  _Cyclist","A022, Stanley Street, South Brisbane  _Cyclist","A016, Story Bridge East, Kangaroo Point  _Pedestrian","A016, Story Bridge East, Kangaroo Point  _Cyclist","A016, Story Bridge West, Kangaroo Point _Pedestrian","A016, Story Bridge West, Kangaroo Point _Cyclist","A024, Land Bridge ICB, Spring Hill  _Pedestrian","A024, Land Bridge ICB, Spring Hill  _Cyclist","A025, Maritime Museum, South Brisbane  _Pedestrian","A025, Maritime Museum, South Brisbane  _Cyclist","A026, Annerley Rd, South Brisbane  _Cyclist","A027, Kurilpa Bridge Tank Street, Brisbane City  _Cyclist","A028, Indooroopilly Riverwalk, Indooroopilly _Pedestrian","A028, Indooroopilly Riverwalk, Indooroopilly _Cyclist","A029, Lytton Road, East Brisbane _Cyclist","A200,_Cyclist City Link Cycleway (Edward St - Charlotte to Mary), City","A200,_Scooter City Link Cycleway (Edward St - Charlotte to Mary), City","A201,_Cyclist City Link Cycleway (Elizabeth St - Creek to Edward), City","A202,_Cyclist City Link Cycleway (Elizabeth St - Edward to Albert), City","A202,_Scooter City Link Cycleway (Elizabeth St - Edward to Albert), City","A203,_Cyclist City Link Cycleway (Victoria Bridge), City","A203,_Scooter City Link Cycleway (Victoria Bridge), City"
"Friday, 1 January 2021",1375,1718,1180,1780,1030,96,2955,1518,732,186,,712,845,,158,96,131,12,455,430,2645,938,735,610,258,134,377,1793,714,894,536,245,2,165,189,2080,695,119,19,369,508,380,936,313,358,236,5710,1738,265,275,,,160,,,,,,,
"Saturday, 2 January 2021",1668,2649,1445,2865,795,98,3267,2136,672,243,,728,1258,,212,170,153,14,538,717,2961,1193,1231,982,335,194,599,1754,968,849,810,239,8,248,281,2049,940,343,53,594,375,583,667,376,383,407,6485,2538,462,477,,,219,,,,,,,
"Sunday, 3 January 2021",1939,3062,1251,3217,518,163,3172,2448,762,251,,673,1323,,223,144,121,15,520,862,3029,1382,929,1390,340,268,636,2095,1283,867,973,284,11,253,458,2502,1086,56,77,610,371,726,602,408,423,565,6525,2974,479,518,,,329,,,,,,,
"Monday, 4 January 2021",2007,2587,1218,2780,469,147,2583,1792,843,215,,996,1203,,260,290,154,22,463,444,2285,1005,963,887,294,199,530,1896,724,851,866,281,19,328,486,1530,659,85,20,776,276,705,585,381,539,783,4720,2865,538,654,,,427,,,,,,,
"Tuesday, 5 January 2021",1570,3474,1080,3648,389,134,1959,2163,636,179,,823,1421,,209,413,123,26,476,768,1885,1125,854,954,273,193,730,1441,826,722,947,250,18,309,598,1480,674,261,68,876,300,739,535,470,519,914,4690,3353,637,696,,,505,,,,,,,
"Wednesday, 6 January 2021",1499,3155,1040,3343,440,142,1781,1891,589,192,,636,1298,,243,398,146,30,372,694,1841,1066,775,785,260,184,646,1380,716,663,883,288,20,263,518,1278,642,136,22,784,229,796,371,419,574,810,4199,3202,566,747,,,453,,,,,,,
"Thursday, 7 January 2021",1500,2758,1288,2992,507,117,2561,1649,916,199,,1006,1234,,269,260,131,16,537,510,2217,901,919,732,263,142,545,1535,698,907,752,252,18,288,477,1245,603,135,18,697,227,623,678,425,468,651,4546,2625,457,624,,,398,,,,,,,
"Friday, 8 January 2021",998,2635,1160,2780,531,111,1427,1128,811,185,,827,1158,,272,282,107,30,667,655,1375,696,758,574,309,163,673,1108,545,748,703,252,18,278,343,943,430,66,6,681,225,592,463,319,404,616,1155,943,501,486,,,371,,,,,,,
"Saturday, 9 January 2021",1777,921,1671,997,678,146,1602,752,1275,256,,597,397,,285,80,160,18,466,200,1767,414,1222,693,453,171,165,2147,522,992,360,375,12,306,207,1379,384,24,9,272,267,311,550,224,312,148,2281,828,167,172,,,111,,,,,,,
"Sunday, 10 January 2021",2556,1884,2096,1954,829,226,2192,1636,1522,419,,915,857,,385,149,195,29,671,530,2661,877,1553,1372,595,276,410,3141,1015,1338,682,561,9,401,260,1961,823,134,16,429,369,530,633,297,555,256,3382,1649,274,298,,,190,,,,,,,
"Monday, 11 January 2021",2552,1596,1783,1732,699,165,2081,1213,1297,307,,636,736,,359,127,195,29,472,334,2448,758,1295,922,475,230,341,2682,705,1057,586,458,27,402,313,1914,594,187,61,507,276,483,595,330,474,312,3619,1638,329,303,,,194,,,,,,,
"Tuesday, 12 January 2021",2255,4073,1675,4281,678,227,2296,2352,1063,215,,1084,1715,,372,478,134,27,717,840,2540,1295,1237,1228,439,277,889,2121,959,1097,1265,380,34,496,766,1967,760,201,123,1048,316,924,570,519,632,1048,4532,3851,769,855,,,621,,,,,,,
"Wednesday, 13 January 2021",2092,4027,1556,4303,581,207,2119,2434,972,236,,905,1657,,342,476,121,32,617,800,2529,1307,935,1178,342,229,841,2042,904,891,1184,399,28,477,733,1815,745,793,90,1037,392,1049,558,526,729,1155,4482,3947,758,,,,659,,,,,,,
"Thursday, 14 January 2021",2021,3747,1388,4037,506,189,2061,2178,823,189,,905,1566,,355,497,111,24,638,797,2289,1252,980,1112,347,235,829,1673,843,889,1087,667,38,424,662,1709,698,805,95,1019,318,889,464,546,657,1071,4709,3715,689,,,,631,,,,,,,
"Friday, 15 January 2021",1584,3564,1183,4017,410,159,1796,1967,605,198,,766,1652,,294,407,116,18,739,941,2158,1182,636,996,240,221,851,1508,849,754,988,352,19,366,550,1478,649,721,128,1002,340,952,576,502,590,860,4709,3614,733,737,,,502,,,,,,,
"Saturday, 16 January 2021",1215,2538,972,2645,637,113,1380,1456,533,145,,469,1223,,160,165,85,28,401,758,2235,846,938,819,254,192,696,1337,765,142,811,247,14,210,284,1315,668,792,182,592,336,628,660,325,232,327,4292,2170,450,389,,,260,,,,,,,
"Sunday, 17 January 2021",2024,3429,1350,3537,589,191,2941,2469,758,318,,654,1306,,263,271,139,24,552,830,3004,1420,969,1330,375,349,760,2353,1492,496,1045,486,27,313,488,2001,1150,39,14,664,271,789,660,483,469,555,4086,2557,488,526,,,376,,,,,,,
"Monday, 18 January 2021",1013,2531,909,2793,407,125,1261,1556,516,154,,868,944,,194,359,95,18,364,413,1272,844,591,667,,158,444,983,461,558,677,266,15,283,501,776,444,482,93,677,193,671,314,361,443,789,1563,1228,485,,,,438,,,,,,,
"Tuesday, 19 January 2021",2161,3078,1795,3315,597,101,2601,1940,986,203,,1194,1207,,344,386,157,23,497,410,2475,965,1072,804,315,183,416,1793,716,946,847,480,29,387,516,1753,651,110,67,829,350,766,670,476,698,774,4671,3064,582,710,,,513,,,,,,,
"Wednesday, 20 January 2021",1999,4296,1592,4677,657,197,2350,2524,921,198,,1104,1686,,394,467,136,25,727,864,2309,1366,1006,939,399,245,908,1703,935,1015,1126,503,18,459,743,1643,760,140,53,1076,619,1498,136,66,754,1088,4386,4197,746,943,,,681,,,,,,,
"Thursday, 21 January 2021",2038,3816,1687,4074,598,196,2532,2306,1019,216,,1146,816,,354,472,125,27,668,788,2381,1226,995,976,381,189,895,1645,888,1017,1071,450,26,539,727,1645,696,335,154,1068,342,677,593,782,747,1000,4525,3891,743,928,,,615,,,,,,,
"Friday, 22 January 2021",1677,3717,1507,3899,529,169,2392,2096,684,170,,975,,,294,403,104,20,797,889,2141,1192,817,914,318,233,929,1373,860,886,1047,397,34,417,574,1809,796,340,207,998,127,388,849,984,572,884,4734,3822,694,925,,,532,,,,,,,
"Saturday, 23 January 2021",1557,2991,1228,2988,782,161,2521,1964,630,273,,655,,,221,248,100,27,626,790,2489,1135,1125,1102,307,326,779,1570,990,855,906,309,16,304,420,2048,888,359,193,759,342,653,787,423,400,517,5376,2808,523,619,,,287,,,,,,,
"Sunday, 24 January 2021",1695,3137,1396,3148,459,184,2808,2487,638,305,,834,,,260,206,127,29,503,727,2968,1371,870,1262,287,292,620,1807,1341,802,952,388,24,253,443,2138,1129,277,109,690,352,767,762,468,342,551,5667,2894,445,682,,,321,,,,,,,
"Monday, 25 January 2021",1809,2270,1258,2375,488,150,2289,1647,758,186,,1099,,,278,310,122,29,241,362,2190,910,855,792,318,202,341,1476,577,903,689,354,27,358,504,1508,556,113,75,665,233,635,541,423,508,698,4362,2572,514,574,,,392,,,,,,,
"Tuesday, 26 January 2021",1942,3849,1605,3805,551,174,2484,2775,833,274,,755,,,232,268,135,41,,929,3169,1499,1078,1629,438,346,734,2182,1536,909,1133,423,27,305,523,2001,1217,133,51,830,304,778,730,433,473,738,5772,3316,615,791,,,326,,,,,,,
"Wednesday, 27 January 2021",1924,3517,1301,3747,479,155,1748,2048,708,214,,1018,,,298,524,118,24,,601,1964,1168,843,1012,283,248,716,1542,772,832,1063,571,23,437,706,1390,580,77,12,988,327,890,511,583,857,1158,3919,3845,706,977,,,612,,,,,,,
"Thursday, 28 January 2021",1894,3623,1349,3884,452,199,2037,2146,830,185,,1244,,,363,525,127,25,,592,2062,1124,857,910,287,207,631,1496,734,814,1006,533,21,430,691,1468,562,99,18,960,280,923,495,581,774,1169,4070,3678,728,993,,,616,,,,,,,
"Friday, 29 January 2021",1612,3929,1227,4265,433,150,2072,2301,691,195,,990,,,294,487,83,21,,1019,2084,1295,757,936,250,212,854,1399,786,798,1027,467,27,412,636,1424,743,21,16,1095,272,995,602,583,845,1103,4718,4078,803,966,,,632,,,,,,,
"Saturday, 30 January 2021",1613,3079,1164,2971,862,130,2374,2138,678,279,,614,,,179,186,139,17,,902,2624,1342,1265,1192,317,209,800,1780,1131,767,945,361,12,254,380,2100,968,24,2,723,355,727,684,398,448,459,5273,2949,552,604,,,335,,,136,,,,
"Sunday, 31 January 2021",1829,2881,1294,2957,533,192,2628,2404,732,305,,797,,,214,182,115,24,,809,3007,1294,969,1148,336,236,805,2024,1231,866,941,336,20,261,384,2040,1195,118,143,712,303,706,768,366,393,525,5213,2884,538,565,,,335,,,191,,,,
"Monday, 1 February 2021",2131,3378,1528,3675,570,177,2112,2371,955,195,,1198,,,374,525,175,38,,571,2374,1155,997,938,361,227,616,1616,766,891,953,573,33,464,742,1713,619,109,55,1133,334,944,598,561,1234,1164,4166,3795,751,937,,,686,,,228,,,,
"Tuesday, 2 February 2021",1082,1632,1344,1844,335,62,1390,1050,676,74,,1124,,,246,276,66,11,,190,1253,495,587,320,163,57,279,1011,348,531,379,420,20,232,355,827,252,25,8,519,201,506,488,280,471,650,2379,2047,316,516,,,364,,,147,,,,
"Wednesday, 3 February 2021",2172,3869,1903,4108,584,199,2610,2460,931,211,,1391,,,404,495,158,36,,727,2285,1222,1007,1051,393,235,763,1790,877,1025,1104,597,38,453,727,1764,723,56,22,1114,420,1023,636,564,1025,1124,4184,4104,824,968,,,689,,,246,,,,
"Thursday, 4 February 2021",2023,4136,1704,4420,533,196,2341,2432,815,196,,1454,,,357,542,130,40,,819,2247,1331,920,1038,326,251,1004,1502,879,969,1136,558,27,468,757,2003,687,171,114,1183,353,985,611,620,1039,1239,4251,4255,816,1004,,,709,,,300,,,,
"Friday, 5 February 2021",1591,3912,1429,4069,474,173,2309,2051,724,197,,1127,,,427,450,108,27,226,984,2061,1188,806,997,259,161,977,1468,769,965,1057,424,30,341,650,1677,733,298,31,1122,322,1010,550,542,772,1073,4413,3898,796,961,,,583,,,324,,,,
"Saturday, 6 February 2021",1675,3087,1247,3167,897,151,2498,2055,641,231,,762,,,266,197,96,24,578,859,2645,1241,1312,1072,294,210,642,1439,1098,850,962,288,8,261,371,2170,955,177,61,662,380,696,751,387,422,497,5903,2791,495,597,,,347,,,206,,,,
"Sunday, 7 February 2021",1608,3336,1065,3260,458,226,2325,2289,536,217,,637,,,193,167,91,38,440,899,2510,1319,823,1268,290,256,707,1806,1382,748,1007,298,17,248,494,1692,1044,125,57,698,337,764,660,367,366,589,5365,2771,520,601,,,326,,,214,,,,
"Monday, 8 February 2021",1887,3331,1223,3592,565,194,2123,2254,863,178,,1161,,,385,521,125,25,509,599,2172,1178,935,884,338,212,559,1740,693,908,965,530,21,459,695,1424,633,208,87,1035,264,906,529,522,957,1188,3949,3855,725,927,,,662,,,253,,,,
"Tuesday, 9 February 2021",2092,4265,1556,4487,608,177,2448,2700,1004,182,,1316,,,408,613,123,19,735,888,2350,1295,1001,1142,356,264,913,1584,911,1050,1218,638,26,514,816,1729,743,155,54,1191,357,1027,590,629,985,1390,4397,4382,847,1157,,,729,,,298,,,,
"Wednesday, 10 February 2021",1969,4236,1639,4690,580,187,2368,2596,907,212,,1353,,,433,568,131,34,791,937,2259,1321,960,1032,310,240,918,1607,822,1018,1203,541,21,520,771,1686,703,132,114,1174,409,1042,677,598,1227,1365,4137,4486,861,1140,,,739,,,305,,,,
"Thursday, 11 February 2021",1973,3955,1597,4295,527,172,2361,2476,978,199,,1463,,,319,516,122,27,763,800,2252,1266,982,1016,326,215,769,1505,905,896,1144,583,27,444,701,1688,777,73,6,1188,378,996,656,663,932,1220,4344,4153,826,957,,,702,,,354,,,,
"Friday, 12 February 2021",1552,3635,1369,3982,505,161,2441,2153,698,198,,1108,,,309,480,88,31,705,981,2176,1157,757,951,280,244,828,1347,815,804,1034,396,34,374,611,1488,707,129,130,1040,362,941,640,541,705,1028,4589,3840,740,1039,,,628,,,286,,,,
"Saturday, 13 February 2021",1458,2881,1185,2989,859,132,2564,1833,607,226,,676,,,209,200,103,10,612,899,2552,1090,1239,1108,277,246,813,1569,1025,670,912,308,21,253,446,1773,856,46,111,683,321,654,688,430,484,595,5590,2617,545,656,,,238,,,216,,,,
"Sunday, 14 February 2021",1501,1721,1247,1798,428,136,2971,1558,669,172,,753,,,192,127,97,15,337,339,2509,865,779,913,241,151,359,1632,812,761,572,303,11,223,307,1518,721,75,92,453,352,481,719,303,400,304,5449,1775,324,373,,,229,,,190,,,,
"Monday, 15 February 2021",2151,3679,1585,3880,564,191,2473,2335,906,190,,1379,,,439,577,149,49,722,707,2274,1241,1032,1018,315,231,753,1843,754,1004,1118,612,31,480,778,1809,668,101,86,1077,559,1206,555,287,1091,1254,4179,4064,819,973,,,718,,,263,,,,
"Tuesday, 16 February 2021",1637,4039,1418,4168,457,177,2073,2252,848,165,,1437,,,310,567,125,28,742,833,1859,1119,860,879,316,223,869,1347,732,921,1117,544,34,424,770,1174,577,32,19,1121,427,1013,489,440,944,1291,3674,4018,824,996,,,697,,,277,,,,
"Wednesday, 17 February 2021",1712,3517,1619,3734,542,148,2313,2224,918,157,,1650,,,347,455,125,29,715,785,2195,1126,871,885,336,192,815,1521,759,992,1109,520,32,415,647,1307,567,174,99,1092,236,478,894,980,903,1099,4072,3889,797,938,,,657,,,261,,,,
"Thursday, 18 February 2021",1411,2502,1577,2647,342,94,1860,1472,723,78,,1270,,,278,352,110,14,538,407,1530,687,701,525,261,119,522,1223,465,728,654,481,15,253,445,739,315,56,78,767,292,544,584,464,608,801,3226,2577,568,674,,,438,,,213,,,,
"Friday, 19 February 2021",1134,2201,1437,2300,324,103,1960,1291,673,115,,1315,,,240,314,106,14,476,454,1457,693,612,583,246,129,454,1057,470,694,674,393,15,251,434,720,307,105,139,747,386,579,626,368,465,692,3537,2615,520,675,,,418,,,284,,,,
"Saturday, 20 February 2021",1583,2819,1599,2835,938,167,2959,1801,736,210,,931,,,264,203,122,13,564,747,2639,1096,1523,1077,336,211,708,1544,901,855,928,416,11,243,367,1818,830,283,240,655,492,607,713,386,401,452,5591,2553,528,580,,,325,,,238,,,,
"Sunday, 21 February 2021",1705,2994,1309,3087,401,186,2426,2052,621,265,,581,,,246,238,125,18,500,820,2688,1365,819,1306,251,293,794,1889,1144,745,1062,321,18,228,474,2240,1014,249,219,718,389,645,707,386,464,614,5176,2816,552,658,,,341,,,216,,,,
"Monday, 22 February 2021",1808,3425,1277,3695,451,164,1850,2294,698,175,,1317,,,287,543,122,37,555,577,1640,948,821,859,251,216,667,1302,723,870,1025,509,44,409,737,1492,652,338,128,1086,297,876,425,536,918,1176,4153,3958,774,915,,,658,,,265,,,,
"Tuesday, 23 February 2021",1403,3678,1151,3929,419,163,1752,2098,571,166,,1373,,,343,547,115,31,616,789,1678,1180,722,914,230,192,750,1106,765,836,1034,525,35,407,661,1016,604,114,56,1067,280,873,361,503,785,1223,3808,3977,764,951,,,687,,,215,,,,
"Wednesday, 24 February 2021",1680,3561,1364,3717,552,165,,,757,191,,1792,,,349,486,138,32,693,693,2086,1048,874,838,264,180,689,1466,723,1094,1030,521,28,401,640,1462,595,71,123,1022,264,847,475,546,857,1063,4445,3649,756,922,,,644,,,315,,,,
"Thursday, 25 February 2021",1740,2803,1197,2997,435,110,,,765,142,,1626,,,290,418,99,19,506,531,1756,935,816,624,227,138,555,1247,550,890,786,490,21,353,506,957,478,1,0,918,277,799,488,481,601,900,3866,3142,669,815,,,590,,,269,,,,
"Friday, 26 February 2021",1332,3812,1234,3925,397,134,,,593,166,,1252,,,270,442,125,24,723,974,2066,1168,695,964,267,195,926,1264,810,876,1107,432,29,361,613,1274,682,43,10,1010,350,844,465,496,722,1039,4898,3815,767,899,,,626,,,307,,,,
"Saturday, 27 February 2021",1475,2840,1020,2851,917,118,,,590,230,,723,,,232,174,108,14,492,770,2278,1072,1061,980,284,182,854,1614,988,790,899,329,16,229,374,1748,774,12,3,680,331,587,528,375,359,475,5255,2508,509,583,,,326,,,237,,,,
"Sunday, 28 February 2021",1674,2782,1148,2790,459,153,,,627,214,,776,,,185,175,114,22,396,670,2707,1067,810,1075,322,263,706,1720,995,,,283,18,359,470,1630,894,141,35,617,366,574,636,392,381,545,5342,2390,405,551,,,305,,,206,,,,
"Monday, 1 March 2021",1716,3327,1212,3598,524,198,,,855,183,,1650,,,339,526,132,25,501,579,2069,1134,872,892,296,191,704,1540,735,952,1061,548,27,401,723,1098,587,4,1,1057,332,955,476,495,819,1193,4546,3813,789,947,,,695,,,281,,,,
"Tuesday, 2 March 2021",1322,3875,1252,4024,367,161,,,620,163,,1287,,,290,554,101,25,534,755,1684,1107,647,876,198,217,755,1101,786,842,1108,478,31,378,752,1106,650,141,129,1138,346,851,379,530,786,1280,4427,4131,799,1026,,,701,,,281,,,,
"Wednesday, 3 March 2021",1557,3359,1412,3582,556,139,,,850,153,,1916,,,388,434,114,28,580,647,2044,922,780,717,229,154,701,1261,607,,,451,8,383,616,758,519,75,72,1042,277,751,625,449,759,1012,5256,3560,742,907,,,541,,,269,,,,
"Thursday, 4 March 2021",1806,3058,1738,3317,560,158,,,885,164,,2105,,,323,461,136,25,588,456,1912,981,911,755,290,157,505,1407,635,,,562,42,387,624,1555,513,128,104,979,363,823,687,516,631,994,5173,3337,703,876,,,601,,,320,,,,
"Friday, 5 March 2021",1460,3711,1679,3865,433,152,,,695,174,,1531,,,308,469,100,23,857,841,2250,1184,742,937,272,231,872,1320,795,,,414,17,376,701,1663,712,743,242,1102,418,933,511,575,809,1030,5394,3949,837,915,,,634,,,292,,,,
"Saturday, 6 March 2021",1552,2819,1369,2798,986,149,,,749,224,,906,,,265,231,93,29,600,791,2939,1202,1245,1046,296,180,726,1632,991,,,327,26,244,351,1894,807,246,41,658,404,643,810,381,417,494,6052,2842,472,628,,,312,,,226,,,,
"Sunday, 7 March 2021",1913,2970,1641,2982,498,163,,,882,352,,890,,,265,204,107,18,515,692,2363,1163,950,1165,297,220,691,1888,1149,966,959,374,29,267,476,2114,1140,250,202,656,364,608,704,378,524,569,5713,2466,509,627,,,343,,,215,,,,
"Monday, 8 March 2021",1301,3156,1342,3374,433,180,,,643,202,,1437,,,321,486,106,31,482,525,1705,985,836,860,246,206,584,1122,595,837,894,455,45,431,692,1222,563,335,50,1019,299,765,419,480,852,1105,5336,3654,790,895,,,639,,,279,,,,
"Tuesday, 9 March 2021",1555,2504,1421,2712,348,95,,,669,139,,1822,,,295,337,83,14,311,251,1747,762,634,568,177,116,329,1309,528,893,748,427,24,335,437,1161,411,75,12,892,284,588,403,412,653,725,5421,2794,654,647,,,416,,,235,,,,
"Wednesday, 10 March 2021",1579,4102,1343,4220,563,196,,,745,197,,1819,,,328,545,90,39,647,823,2024,1241,941,1008,283,219,868,1400,853,1089,1276,457,33,449,709,1425,672,109,87,1185,345,941,474,545,857,1262,5820,4467,882,1063,,,716,,,286,,,,
"Thursday, 11 March 2021",1480,3141,1418,3408,437,145,,,748,151,,2003,,,289,501,99,25,531,559,1763,991,827,688,294,171,617,1190,633,955,934,496,7,325,602,1129,597,169,40,1030,332,754,619,484,814,1051,5458,3510,725,818,,,626,,,296,,,,
"Friday, 12 March 2021",1290,3290,1457,3412,498,154,,,685,160,,1586,,,266,445,116,21,715,718,2178,1043,719,879,228,193,747,1196,732,930,929,411,16,343,624,1535,622,175,138,1019,374,806,557,513,768,935,5574,3662,727,850,,,601,,,318,,,,
"Saturday, 13 March 2021",1357,2383,1481,2315,945,117,,,678,217,,899,,,215,158,131,12,458,587,2673,969,1049,985,322,228,440,1627,783,890,733,313,15,291,319,2038,747,326,73,673,342,534,606,365,539,421,6048,2398,512,558,,,277,,,220,,,,
"Sunday, 14 March 2021",1768,3025,1441,3065,406,178,,,677,311,,798,,,232,209,110,26,503,725,2734,1182,840,1013,280,221,668,1678,1159,806,935,281,24,286,472,2203,1065,709,151,626,371,648,728,356,414,601,5129,3076,493,590,,,317,,,201,,,,
"Monday, 15 March 2021",685,1982,1017,2275,314,105,,,490,70,,1404,,,232,358,79,17,282,320,1177,584,619,528,211,108,350,785,374,572,541,360,17,257,539,718,348,151,5,726,240,599,470,335,491,790,4045,2609,521,569,,,446,,,194,,,,
"Tuesday, 16 March 2021",906,1894,1302,2179,313,89,,,589,93,,1632,,,263,320,90,25,270,224,1203,553,458,418,169,96,307,737,375,611,602,313,13,257,409,774,322,142,9,705,275,523,461,366,622,693,4402,2199,490,567,,,379,,,226,,,,
"Wednesday, 17 March 2021",722,1380,1059,1586,227,53,,,389,53,,1671,,,199,223,62,5,273,166,835,330,248,195,151,71,225,475,214,487,341,309,7,181,291,643,151,1,0,442,217,356,361,242,305,522,3976,2021,328,393,,,281,,,140,,,,
"Thursday, 18 March 2021",1509,2573,1987,2728,454,86,,,841,112,,2072,,,333,293,100,17,442,369,1935,778,799,569,238,99,466,1275,522,968,816,521,23,352,469,1081,423,379,20,881,436,649,630,423,805,712,5394,3012,605,677,,,457,,,325,,,,
"Friday, 19 March 2021",1423,3319,1775,3421,441,110,,,690,169,,1513,,,340,371,80,14,712,804,1950,973,708,876,261,183,800,1474,589,928,1007,443,22,328,555,1565,613,142,119,1040,461,792,523,446,693,831,4684,1917,764,825,,,513,,,292,,,,
"Saturday, 20 March 2021",1021,1412,1228,1370,485,66,,,657,112,,779,,,222,102,97,15,300,354,1654,534,728,562,220,107,306,1351,441,592,396,294,10,179,193,1051,368,175,12,363,430,343,624,258,290,255,4515,1032,269,292,,,171,,,169,,,,
"Sunday, 21 March 2021",775,1293,1081,1223,203,50,,,465,128,,643,,,104,89,69,11,251,398,1496,478,854,380,206,112,366,687,367,564,480,182,5,91,135,871,287,124,4,310,350,260,581,202,178,177,3622,1364,272,220,,,140,,,84,,,,
"Monday, 22 March 2021",577,874,819,1016,181,29,,,272,23,,1254,,,185,149,45,3,147,99,704,215,730,38,96,31,,401,121,412,241,316,10,115,133,554,113,16,8,344,169,267,253,179,198,299,3636,1571,252,276,,,179,,,101,,,,
"Tuesday, 23 March 2021",764,898,1049,1017,235,25,,,427,35,,1326,,,203,145,47,3,191,78,932,214,28,39,120,36,,708,162,502,216,236,7,143,117,673,84,48,0,330,242,260,352,178,234,256,2941,726,247,247,,,132,,,119,,,,
"Wednesday, 24 March 2021",1854,3354,1682,3560,493,110,,,897,170,,1963,,,398,400,135,15,464,624,2172,943,692,590,247,149,,1485,635,1087,984,509,48,387,618,1440,511,448,61,1012,545,767,487,528,682,971,5957,3607,775,856,,,563,,,305,,,,
"Thursday, 25 March 2021",1914,4039,1651,4202,545,137,,,791,183,,1785,,,356,507,284,36,754,711,2064,1170,813,851,243,172,,1345,792,992,1139,582,61,398,683,1677,672,488,114,1235,540,992,490,529,955,1212,5948,3935,932,965,,,707,,,314,,,,
"Friday, 26 March 2021",1471,3632,1473,3790,434,101,,,682,174,,1550,,,312,429,151,21,787,932,2149,1229,770,857,214,177,,1456,786,1020,991,456,39,326,613,1616,670,323,132,1129,379,885,533,545,751,981,6068,4125,830,937,,,616,,,367,,,,
"Saturday, 27 March 2021",1529,3002,1315,3009,1026,131,,,778,234,,888,,,320,201,130,14,490,759,2625,1039,1273,1108,291,186,,1501,1046,1020,899,350,21,257,440,2254,950,232,50,681,487,619,739,423,476,524,5652,3258,509,586,,,277,,,232,,,,
"Sunday, 28 March 2021",1993,3196,1505,3136,462,166,,,967,320,,905,,,253,192,157,39,549,827,2856,1295,883,1226,295,283,,1852,1126,935,990,365,23,339,494,2564,1093,212,222,721,425,623,744,480,385,574,1108,479,525,626,,,363,,,179,,,,
"Monday, 29 March 2021",1657,3095,1431,3368,513,175,,,905,172,,1188,,,311,502,115,28,528,502,1661,987,844,855,297,154,,1392,652,844,833,499,25,411,725,1339,508,200,119,927,309,764,410,432,706,1171,,,690,907,,,623,,,263,,,,
"Tuesday, 30 March 2021",2488,2492,1841,2403,874,184,,,1618,274,,804,,,395,209,208,27,659,596,2305,867,1700,1222,544,243,,2531,751,1297,749,539,15,420,399,1503,653,357,138,623,271,544,670,303,565,475,,,448,467,,,305,,,207,,,,
"Wednesday, 31 March 2021",2724,2756,2090,2754,913,218,,,1592,369,,888,,,455,217,217,36,831,682,2654,971,1602,1459,553,297,,2571,1011,1232,908,584,31,448,437,1960,755,79,87,706,340,678,777,419,618,529,,,486,532,,,326,,,215,,,,
"Thursday, 1 April 2021",1614,2184,1498,2135,636,136,,,995,201,,687,,,254,225,111,18,603,587,1789,707,1085,886,341,216,,1565,614,801,699,362,16,291,316,1225,510,123,209,601,256,489,546,334,402,502,,,440,536,,,255,,,177,,,,
"Friday, 2 April 2021",2122,3295,2112,3271,660,195,,,1108,332,,978,,,336,211,169,21,833,828,3554,1476,1131,1472,431,351,,2353,1446,1165,946,426,22,302,581,2545,1279,138,315,763,523,797,901,473,557,607,,,476,579,,,401,,,262,,,,
"Saturday, 3 April 2021",1134,2019,1146,1978,640,107,,,682,153,,672,,,192,154,84,14,537,523,1839,731,966,717,282,175,,1031,630,666,592,225,7,210,262,1300,525,87,199,432,274,415,744,249,314,355,,,348,422,,,234,,,158,,,,
"Sunday, 4 April 2021",667,406,913,414,204,27,,,394,43,,440,,,117,37,65,0,162,111,1072,150,294,133,124,48,,657,149,346,115,130,2,87,73,818,84,51,81,127,199,131,401,86,124,77,,,89,98,,,38,,,58,,,,
"Monday, 5 April 2021",1184,684,1433,645,417,45,,,868,71,,719,,,200,66,72,6,290,159,1652,332,623,263,259,73,,1046,228,709,221,308,4,128,74,1100,226,42,51,182,246,215,505,116,288,79,,,124,117,,,80,,,98,,,,
"Tuesday, 6 April 2021",673,599,961,687,258,23,,,404,55,,854,,,161,109,60,5,128,57,812,185,176,127,99,23,,663,145,382,163,149,8,163,140,427,100,44,37,232,186,212,274,155,174,218,,,160,207,,,139,,,110,,,,
"Wednesday, 7 April 2021",1673,1836,1882,1948,463,92,,,1024,173,,1292,,,256,268,126,24,378,264,1960,642,681,503,257,113,,1403,479,907,501,386,25,287,359,961,368,92,155,572,430,556,661,336,438,512,,,430,465,,,337,,,241,,,,
"Thursday, 8 April 2021",2069,3738,2239,3940,567,173,,,975,221,,1173,,,366,467,128,38,799,761,2253,1267,1060,955,375,199,,1474,840,1068,1017,400,30,416,729,1744,801,182,198,1105,469,920,665,580,680,1073,,,772,884,,,628,,,332,,,,
"Friday, 9 April 2021",1470,3443,1744,3423,463,126,,,826,226,,1106,,,322,365,200,27,756,717,2207,1196,810,842,216,197,,1423,887,938,900,370,26,374,600,1829,730,229,157,1015,450,842,538,453,581,825,,,720,784,,,493,,,314,,,,
"Saturday, 10 April 2021",1555,2874,1478,2947,952,120,,,862,222,,851,,,231,213,124,23,529,781,2755,1171,1367,1116,251,193,,1707,1199,919,838,256,16,244,376,2508,903,415,226,737,557,723,648,430,437,485,,,535,598,,,348,,,224,,,,
"Sunday, 11 April 2021",2099,3186,1550,3149,584,156,,,935,280,,2277,,,277,184,132,39,613,808,3243,1378,1158,1338,356,289,,1906,1300,1348,908,354,14,312,430,2663,1041,394,145,667,501,775,1014,450,472,592,,,484,746,,,376,,,261,,,,
"Monday, 12 April 2021",2121,3141,1964,3320,662,190,,,1093,222,,1630,,,363,467,145,37,492,472,2458,1090,994,869,357,212,,1572,764,1154,905,409,26,439,734,1982,652,521,142,1033,440,816,830,527,631,1089,,,665,579,,,613,,,330,,,,
"Tuesday, 13 April 2021",2170,3883,2126,4063,580,186,,,1054,214,,1860,,,428,546,120,34,659,657,2538,1217,1045,875,337,206,,1949,866,1206,1097,443,33,451,723,1886,733,812,221,1104,488,902,824,584,876,1258,,,736,581,,,669,,,352,,,,
"Wednesday, 14 April 2021",2080,3775,2216,4016,603,181,,,1032,186,,1825,479,,366,515,136,33,734,659,2409,1142,1036,909,331,198,,1666,866,1207,1122,437,31,471,755,1786,686,663,134,1061,475,959,769,517,793,1272,,,766,583,,,658,,,346,,,,
"Thursday, 15 April 2021",1988,3611,2183,3810,508,144,,,871,201,,1650,1030,,381,477,93,23,605,656,2419,1219,891,796,303,231,,1572,772,1077,1063,400,27,450,679,1858,686,286,93,1070,523,865,670,534,691,1099,,,805,503,,,629,,,354,,,,
"Friday, 16 April 2021",1565,3402,1656,3594,422,153,,,724,222,,1465,1170,,382,414,125,33,692,764,2210,1093,856,840,253,199,,1374,745,948,968,339,41,401,602,1736,754,199,13,1043,583,846,745,523,596,894,1776,717,766,503,,,491,,,387,,,,
"Saturday, 17 April 2021",1515,2508,1493,2580,844,93,,,949,176,,1006,990,,381,189,105,18,646,680,2406,858,1375,979,288,224,,1434,799,916,785,276,14,263,376,1878,736,535,183,585,644,539,1040,353,338,479,5768,2798,454,280,,,245,,,195,,,,
"Sunday, 18 April 2021",2406,3287,2432,3375,550,160,,,1027,335,,1504,1190,,279,215,117,27,657,771,3597,1363,1155,1314,373,243,,2206,1337,1359,1028,375,19,285,470,3447,1137,539,108,735,807,684,1318,447,454,568,6103,3550,541,,,,341,,,268,,,,
"Monday, 19 April 2021",2228,3361,2254,3678,561,144,,,1036,185,,1656,993,,367,479,163,33,574,508,2364,1127,1075,808,281,176,,1604,702,1093,922,515,38,438,749,1884,580,222,48,1002,602,818,815,493,714,1164,1736,1669,762,447,,,606,,,338,,,,
"Tuesday, 20 April 2021",2133,4093,2260,4421,477,156,,,1075,158,,1850,1250,,426,581,149,23,721,646,2379,1177,1092,955,250,206,,1766,831,1205,1186,579,46,508,779,1930,697,186,197,1162,616,931,762,570,838,1319,,,852,577,,,780,,,346,,,473,
"Wednesday, 21 April 2021",1995,3886,1940,4133,541,136,,,934,201,,1786,1200,85,408,523,138,34,704,699,2297,1126,957,874,240,192,,1525,819,1104,1143,532,33,455,709,1740,682,152,148,1182,547,948,658,569,1011,1189,,,891,492,,,711,,,331,,,653,
"Thursday, 22 April 2021",1831,3626,1961,3869,455,134,,,966,167,,1999,1111,134,360,471,121,28,800,633,1986,1091,872,730,244,160,,1387,715,990,1041,513,26,432,635,1775,675,217,159,1107,448,910,834,532,964,1148,,,820,472,,,672,,,387,,,676,
"Friday, 23 April 2021",1682,3291,2017,3677,477,116,,,717,157,,1498,1103,150,331,411,100,22,746,757,2036,1046,740,810,223,190,,1391,686,962,920,516,21,415,555,1703,627,144,116,1083,507,803,890,488,732,954,,,789,459,,,527,,,379,,,750,
"Saturday, 24 April 2021",1766,2900,2042,2976,860,102,,,1091,254,,1064,1174,116,354,189,86,8,616,777,2750,1081,1527,951,296,218,,1613,1003,963,865,442,22,225,368,2609,845,345,162,652,568,611,975,364,367,502,,,463,307,,,326,,,261,,,800,
"Sunday, 25 April 2021",2347,2776,2497,2923,553,185,,,919,330,,1158,958,103,255,191,109,13,611,639,3339,1191,1027,1192,304,221,,2503,1283,982,880,690,16,303,370,3297,1040,338,204,660,737,706,1129,371,,,,,490,311,,,271,,,219,,,603,
"Monday, 26 April 2021",2414,3437,2410,3447,658,188,,,1141,379,,1178,1193,129,320,172,152,17,730,790,3621,1519,1140,1638,431,332,,2374,1454,1159,1036,442,21,394,536,2964,1280,385,291,713,527,807,1072,426,,,,,483,354,,,345,,,259,,,635,
"Tuesday, 27 April 2021",1995,3595,2286,3979,506,174,,,963,188,,1698,1145,93,367,492,113,22,570,593,2071,1050,982,783,220,209,,1674,704,1072,941,579,25,480,696,1604,593,204,65,1025,479,850,725,568,,,,,752,488,,,611,,,331,,,618,
"Wednesday, 28 April 2021",1684,3804,2219,4068,470,149,,,862,154,,1727,1196,182,364,483,118,33,656,716,2013,1052,1103,896,265,213,,1412,727,1025,1057,562,44,477,693,1415,583,265,234,1079,455,870,707,527,,,,,791,491,,,647,,,363,,,663,
"Thursday, 29 April 2021",1931,3492,2237,3868,473,148,,,899,165,,1843,1129,114,344,456,100,23,744,677,2124,975,998,773,240,172,,1413,735,1035,999,483,24,441,636,1366,558,159,146,1117,456,878,820,550,,,,,883,,,,632,,,325,,,666,
"Friday, 30 April 2021",1162,2692,1621,3065,348,87,,,528,102,,1252,1015,268,268,348,95,17,590,691,1605,773,612,595,171,127,,901,463,802,710,340,18,283,437,1187,408,155,156,828,411,652,623,400,,,,,630,,,,429,,,296,,,618,
"Saturday, 1 May 2021",1412,1282,1691,1354,704,75,,,800,105,,792,603,58,240,71,75,7,414,374,1910,434,962,377,187,93,,1064,331,801,423,290,7,166,160,1489,279,54,142,332,420,301,776,198,,,,,230,,,,136,,,187,,,470,
"Sunday, 2 May 2021",1920,1894,2270,1887,566,133,,,843,206,,1068,769,102,275,169,108,20,461,461,2566,787,971,751,276,161,,1711,708,920,629,379,7,209,246,1873,579,175,192,404,575,423,1004,303,,,,,304,,,,193,,,181,,,501,
"Monday, 3 May 2021",2735,3621,2952,3720,790,201,,,1417,504,1256.541455,1465,1330,107,312,238,166,35,670,843,4200,1483,1319,1704,453,321,,2789,1672,1331,1117,526,23,373,625,3052,1446,377,278,677,694,758,1247,457,,,,,521,,,,370,,,276,,,703,
"Tuesday, 4 May 2021",1950,3421,2298,3858,440,157,,,1018,204,1730.096056,1651,1121,90,428,519,103,16,578,510,1960,1068,911,932,274,172,,1674,768,950,932,430,36,502,687,1594,579,446,135,1039,539,794,723,503,,,,,953,,,,654,,,398,,,676,
"Wednesday, 5 May 2021",1409,2466,1719,2774,362,63,,,736,93,1045.063647,1483,767,51,262,398,79,18,481,440,1533,682,653,540,120,107,,1099,461,835,578,427,12,332,532,987,308,564,86,785,350,617,725,353,,,,,529,,,,509,,,264,,,428,
"Thursday, 6 May 2021",1918,3417,2412,3812,492,124,,,917,188,1610.734349,1866,1154,102,383,479,96,21,629,592,2123,1054,994,798,151,165,,1307,726,965,959,504,32,410,640,1587,578,316,151,1041,546,828,845,498,,,,,776,,,,641,,,369,,,700,
"Friday, 7 May 2021",1502,3354,2631,3621,384,101,,,757,171,1623.059742,1492,1236,115,351,398,106,18,825,762,2018,996,713,837,273,170,,1366,693,928,925,439,31,400,547,1462,587,479,104,1023,525,787,734,479,,,,,754,,,,554,,,338,,,796,
"Saturday, 8 May 2021",1726,2750,2083,2839,946,138,,,1001,246,1003.546531,1051,1266,554,437,201,141,12,713,710,2822,1019,1399,990,310,213,,1692,899,1045,846,373,13,301,388,2512,812,862,157,690,607,567,989,347,,,,,528,,,,294,,,211,,,805,
"Sunday, 9 May 2021",2119,2388,2836,2468,472,141,,,1016,236,840.7215931,1137,999,70,275,151,96,23,509,501,2952,929,1065,947,282,189,,2237,988,1029,714,350,8,229,322,2886,861,449,155,595,584,517,1056,383,,,,,432,,,,290,,,203,,,607,
"Monday, 10 May 2021",2128,3334,2217,3629,532,180,,,886,185,1651.602759,1605,1102,160,387,486,121,33,573,535,2302,1089,1426,861,242,158,,1563,755,1098,949,508,38,441,695,1632,634,776,93,1058,527,768,750,512,,,1421,876,772,,,,641,,,329,,,673,
"Tuesday, 11 May 2021",2093,3542,2205,3908,608,174,,,1013,190,1844.268124,1761,1212,130,408,566,123,29,587,573,2401,1142,1120,921,261,166,,1836,846,1057,1002,551,48,494,701,1645,590,104,101,1030,590,860,704,552,,337,6101,3418,780,,,,710,,,373,,,375,342
"Wednesday, 12 May 2021",1277,2228,1439,2508,313,99,,,557,103,1186.481322,1466,860,101,234,368,78,12,335,344,1406,638,526,481,200,81,,988,420,761,625,341,24,271,433,826,365,163,24,766,434,614,560,369,,,5274,3111,587,,,,432,,,270,,,214,330
"Thursday, 13 May 2021",2119,3550,2220,3813,500,127,,,977,183,1623.708447,1845,1276,146,442,445,134,19,657,633,2264,1099,879,699,271,158,,1392,709,1045,1019,589,37,403,658,1819,563,170,22,1038,553,865,899,566,,,1555,1477,790,,,,675,,,405,,,261,531
"Friday, 14 May 2021",1632,3476,2103,3708,503,154,,,812,172,1592.57061,1447,1432,173,,,107,15,816,744,2264,1031,813,847,226,181,,1220,681,1072,877,1570,36,346,624,1891,535,183,135,1042,556,730,900,500,,,,,777,,,,569,,,386,,,312,690
"Saturday, 15 May 2021",1787,2499,2095,2675,853,134,,,1036,223,904.2946766,1027,1300,139,,,139,17,644,628,3017,911,1443,995,273,197,,1659,938,912,755,451,18,275,422,2762,852,487,95,708,578,615,1084,392,,,,,562,,,,310,,,274,,,235,732
"Sunday, 16 May 2021",2482,3016,2701,3186,673,197,,,1060,297,1041.171417,1257,1355,275,,,140,32,706,735,3484,1214,1154,1117,312,262,,2157,1123,1014,962,402,11,310,407,3347,966,352,153,689,640,604,1429,397,,,,,526,,,,308,,,246,,,249,652
"Monday, 17 May 2021",2083,2895,2253,3361,494,157,,,904,169,1541.322921,1572,1023,173,,,119,12,479,452,2065,938,956,729,272,163,,1519,580,951,838,574,21,439,620,1752,524,625,140,945,557,736,898,448,,,,,720,,,,582,,,336,,,278,493
"Tuesday, 18 May 2021",2022,3594,2547,3944,527,147,,,983,208,1840.375895,1877,1220,180,,,115,13,628,594,2196,1052,996,817,270,202,,1728,746,1013,966,532,34,478,684,1649,557,358,195,1046,498,818,752,523,,,5050,2191,751,,,,702,,,345,,,273,458
"Wednesday, 19 May 2021",1805,3292,2305,3724,472,126,,,879,156,1629.546792,1781,1125,117,,,113,34,563,697,1940,969,828,717,265,168,,1446,662,997,951,494,20,462,613,1546,495,132,267,1023,496,842,768,473,,,5519,3746,742,,,,620,,,373,,,294,469
"Thursday, 20 May 2021",1958,3366,2386,3677,492,140,,,825,150,1687.281531,1701,1119,91,,,124,21,573,611,2066,1056,930,768,243,176,,1421,700,1067,1012,482,29,437,630,1693,546,168,204,1078,569,828,822,522,,,5589,3801,796,,,,562,,,408,,,331,452
"Friday, 21 May 2021",1565,3215,2004,3609,421,122,,,729,156,1486.831706,1548,1283,102,,,93,13,696,758,2006,921,760,721,266,124,,1143,636,910,868,502,30,375,563,1689,557,161,166,999,689,760,1094,478,,,6040,3745,713,,,,467,,,344,,,319,584
"Saturday, 22 May 2021",1771,2619,2186,2724,913,116,,,954,255,902.3485618,969,1194,270,,,123,18,615,677,2755,935,1390,968,273,230,,1774,926,918,795,330,10,280,316,2709,831,292,326,560,593,554,1112,331,,,5432,2285,442,,636,,304,,,293,,,232,559
"Sunday, 23 May 2021",2471,2911,2773,3040,635,184,,,1081,289,1083.337238,1118,1186,73,,,115,22,572,744,3257,1141,1172,1319,363,266,,2190,1197,1000,963,368,14,352,430,2970,957,329,460,676,639,653,1244,370,,,3599,1960,478,,,,308,,,259,,,206,415
"Monday, 24 May 2021",2034,3121,2357,3507,529,150,,,955,149,1574.406872,1459,1047,81,,,109,17,456,475,2158,943,979,769,124,261,,1469,668,968,892,509,34,488,631,1806,517,194,202,1001,512,735,770,438,,,,,727,,459,,605,,,304,,,288,427
"Tuesday, 25 May 2021",2079,3732,2391,4224,510,157,,,1024,215,1750.854614,1698,1249,166,,,119,23,672,617,2194,1082,1056,872,173,246,,1532,741,1031,1004,564,21,518,731,1727,599,212,223,1094,548,880,830,548,,,,,783,,455,,644,,,381,,,314,478
"Wednesday, 26 May 2021",2049,3601,2344,4131,496,147,,,978,178,1678.199662,1681,1222,160,,,123,27,706,664,2221,1015,985,922,158,289,,1638,791,1021,987,521,20,481,700,1820,627,319,194,1066,540,867,824,526,,,,,793,,341,,697,,,351,,,305,451
"Thursday, 27 May 2021",1985,3315,2243,3702,467,145,,,901,162,1700.904334,1811,1209,156,,,82,13,683,641,1971,1007,871,775,203,244,,1381,670,936,947,523,32,439,611,1620,520,517,153,1126,504,830,781,520,,,,,798,,345,,626,,,371,,,351,487
"Friday, 28 May 2021",1582,3138,1945,3529,470,133,1514,724,724,111,1427.799557,1400,1217,103,,,114,13,722,768,2145,904,855,759,154,222,,1214,674,959,790,470,14,610,585,1694,554,396,190,1022,554,760,893,478,,,,,721,,745,,492,,,395,,,326,733
"Saturday, 29 May 2021",1733,2463,2080,2673,839,106,3726,1492,978,202,985.3827932,975,1163,63,,,111,10,659,667,2846,829,1252,949,211,256,,1497,830,878,871,431,17,186,317,2540,751,312,258,593,598,548,1229,363,,,,,426,,136,,259,,,298,,,194,634
"Sunday, 30 May 2021",2229,2552,2653,2790,570,151,3852,1746,1090,331,1010.033581,1115,1122,40,,,112,25,643,765,3290,1065,1087,1012,196,271,,2112,1102,1003,858,409,12,178,400,2935,954,175,375,662,640,593,1320,345,,,,,504,,,,315,,,253,,,197,418
"Monday, 31 May 2021",1991,2897,2463,3309,480,141,2658,1754,898,197,1403.797475,1374,1021,39,,,95,17,441,460,3036,885,911,770,163,237,,1500,604,1008,801,493,21,280,626,1643,531,103,184,933,557,731,812,471,,,,,706,,1441,,562,,,324,,,286,500
"Tuesday, 1 June 2021",2037,3562,2447,3958,506,175,3054,1845,1008,197,1660.684628,1469,908,768,,,118,21,743,571,2150,1118,975,821,180,241,,1609,716,999,906,559,24,312,658,1803,566,238,260,1056,592,874,843,539,,,,,760,,1314,,678,,,364,,,296,505
"Wednesday, 2 June 2021",1951,3511,2287,3895,551,37,2810,1807,944,171,1571.812053,1363,146,1563,,,102,27,648,655,2050,1001,864,832,162,240,,1391,686,946,976,506,23,323,639,1571,566,363,237,1073,546,860,864,509,,,,,754,,694,,614,,,376,,,314,533
"Thursday, 3 June 2021",1312,2537,1612,2847,379,92,1648,1392,664,93,1229.944553,1383,34,1187,,,66,10,512,513,1377,704,667,521,109,178,,794,487,701,660,344,19,258,475,1050,381,200,192,802,387,670,611,409,,,,,574,,666,,501,,,284,,,229,427
"Friday, 4 June 2021",1587,3031,1882,3232,439,136,2695,1650,845,151,1287.679292,1269,50,1586,,,78,18,722,664,1966,936,842,674,155,204,,1097,603,921,792,457,13,242,534,1556,502,630,191,947,494,677,814,494,,,,,673,,965,,481,,,366,,,333,596
"Saturday, 5 June 2021",1864,2557,1940,2782,926,128,3745,1565,1033,236,896.5102174,1112,494,944,,,107,15,730,629,2920,1014,1267,903,178,300,,1701,991,919,817,386,10,209,350,2760,783,183,281,587,545,580,1121,371,,,,,445,,898,,288,,,273,,,217,588
"Sunday, 6 June 2021",2029,1635,4052,1701,551,181,3724,1526,1118,319,1181.291683,1198,721,783,,,142,26,1577,1191,3082,1040,1046,1151,258,268,,2045,1193,995,876,402,14,231,484,4311,890,685,297,713,516,628,1068,355,,,,,512,,3481,2124,262,,,235,,,259,605
"Monday, 7 June 2021",1944,2825,2223,3195,497,146,2570,1696,914,134,1329.196408,1226,790,854,,,86,16,662,544,1984,880,971,763,149,242,,1479,572,929,767,449,17,279,621,1751,478,671,139,903,522,700,883,471,,,,,635,,1329,1001,532,,,359,,,298,494
"Tuesday, 8 June 2021",1855,3405,2389,3822,458,155,2392,1793,969,172,1558.189249,1288,1113,855,,,81,11,741,756,2083,1083,999,759,171,253,,1288,650,945,913,507,17,336,644,1607,574,497,216,1022,546,829,807,554,,,,,741,,1093,1229,651,,,394,,,308,489
"Wednesday, 9 June 2021",1279,1543,1508,1784,303,55,1859,864,602,67,886.7796434,1282,584,584,,,52,9,327,247,1451,447,582,311,61,149,,824,285,607,378,376,28,182,328,1272,210,70,118,573,383,480,617,299,,,,,426,,636,366,341,,,280,,,208,382
"Thursday, 10 June 2021",1840,2872,1954,3279,440,102,2367,1526,840,156,1409.635819,1639,1051,675,,,103,17,733,577,1947,841,802,626,133,266,,1113,535,823,795,481,12,277,519,1563,413,118,194,861,526,721,813,473,,,,,655,,1006,799,505,,,331,,,334,506
"Friday, 11 June 2021",1422,2808,1749,3164,392,108,3114,494,630,134,1276.651308,1258,1159,608,,,76,15,870,679,1849,828,705,591,128,210,,986,574,886,759,380,9,285,471,1446,517,93,166,881,517,677,792,424,,,1051,558,680,,916,929,445,,,359,,,300,578
"Saturday, 12 June 2021",1636,2056,1883,2243,732,111,3550,1375,897,181,812.1785761,1121,1068,725,,,104,17,1070,763,2621,881,1260,722,145,325,,1626,669,912,701,537,11,175,272,2661,800,135,189,526,491,426,1048,290,,,5327,2017,408,,1933,1693,234,,,295,,,227,789
"Sunday, 13 June 2021",2293,2838,2601,3474,541,132,4216,1742,957,253,945.8117923,1169,1980,851,,,129,13,1441,1083,3228,1185,1114,1003,194,308,,2176,1033,919,742,388,11,248,431,3362,863,213,314,876,607,595,1202,334,,367,5412,3170,614,,2789,2501,358,,,284,,,,
"Monday, 14 June 2021",1938,2693,2152,3001,474,130,3458,812,844,163,1359.68554,1433,1013,733,,,103,25,628,440,2035,886,846,679,131,225,,1351,562,878,713,476,12,275,540,1601,481,126,160,820,493,676,966,429,,920,4342,2997,616,,944,741,509,,,289,,,,
"Tuesday, 15 June 2021",1763,2924,2209,3332,444,136,2535,1669,828,125,1309.086555,1189,1092,720,,,87,11,605,600,1734,835,797,550,133,185,,1300,574,885,685,505,13,302,611,1352,387,132,200,875,492,758,828,478,,989,3563,2999,652,,695,650,596,,,326,,,,
"Wednesday, 16 June 2021",1793,3296,2135,3494,451,141,2625,1654,919,161,1455.045165,1483,1155,745,,,86,20,770,627,1989,891,929,737,155,238,,1417,556,917,801,1707,33,292,596,1614,449,167,148,895,507,729,857,474,,944,4292,3199,681,,810,813,518,,,352,,,,
"Thursday, 17 June 2021",1919,2878,2196,3182,435,138,2531,1794,942,175,1457.639984,1480,1144,1009,,,111,23,685,562,1964,931,889,684,122,191,,1279,621,858,805,486,24,242,587,1679,466,181,66,947,524,785,787,521,,974,4278,3261,701,,833,716,527,,,376,,,204,383
"Friday, 18 June 2021",1494,2916,1758,3351,386,111,2593,1491,748,135,1339.575687,1117,1194,684,,,89,8,854,715,1725,942,733,637,109,208,,1029,592,840,755,313,7,235,486,1549,510,83,62,910,505,690,853,411,,739,4212,3233,681,,756,902,498,,,390,,,333,617
"Saturday, 19 June 2021",1502,1867,1779,2074,799,99,3143,1144,828,152,719.4137707,885,1107,775,,,95,7,734,635,2530,853,1347,720,135,281,,1470,694,780,588,322,14,192,311,2368,568,208,186,569,501,449,993,290,,389,3530,1181,449,,1089,1036,257,,,288,,,290,629
"Sunday, 20 June 2021",2110,2554,2493,2591,532,132,3891,1565,1035,333,888.0770532,966,1183,954,,,135,16,1187,952,3221,1068,1114,957,199,342,,2019,1000,954,790,390,16,225,430,3186,836,252,286,584,572,546,1298,358,,586,5728,2360,465,,2035,2164,289,,,220,,,,
"Monday, 21 June 2021",1958,2785,2227,3117,491,146,2694,1599,935,146,1297.409866,1172,1032,717,,,97,18,585,518,2033,934,909,748,159,239,,1367,615,946,752,369,14,278,601,1751,499,247,119,934,511,768,821,473,,956,4140,3205,688,,765,746,606,,,318,,,,
"Tuesday, 22 June 2021",1933,3468,2381,3851,503,149,2660,1845,944,179,1440.773656,1316,1269,779,,,90,10,669,643,2036,1083,1011,682,182,229,,1421,594,896,846,411,19,313,692,1746,571,179,176,974,547,871,840,520,,1112,4213,3475,703,,728,796,687,,,347,,,,
"Wednesday, 23 June 2021",1754,3008,2193,3364,451,136,2583,1733,949,149,1381.092802,1167,1201,793,,,136,20,648,626,1992,916,835,712,158,252,,1418,594,917,782,323,18,311,604,1714,501,271,121,887,497,790,793,478,,970,2859,1723,609,,685,843,586,,,392,,,,
"Thursday, 24 June 2021",1557,2460,1872,2739,418,128,2333,1531,803,127,1155.343486,1194,964,700,,,81,19,491,447,1807,735,714,486,105,172,,1035,502,729,643,332,20,263,466,1509,388,170,60,845,574,656,882,451,,741,4280,2562,649,,628,562,481,,,342,,,,
"Friday, 25 June 2021",777,1115,1101,1271,226,42,1400,736,342,45,625.3515554,928,522,516,,,54,5,209,171,1013,320,324,193,27,87,,476,211,390,277,147,6,139,164,832,201,43,51,441,371,286,537,220,,315,2826,1425,310,,354,276,180,,,238,,,,
"Saturday, 26 June 2021",1381,892,1682,996,726,62,2449,654,812,106,417.7659768,613,624,682,,,90,10,439,230,1896,379,1111,333,88,228,,1282,340,581,258,206,5,138,146,1771,275,223,102,310,478,277,891,180,,155,4402,1003,214,,803,423,112,,,280,,,,
"Sunday, 27 June 2021",2056,3121,2627,3130,623,171,4111,1921,1115,310,1154.046076,1031,1425,2044,,,100,21,1469,1028,3259,1139,1107,1214,230,325,,2041,1127,1020,989,344,14,209,420,3200,984,249,277,657,679,638,1380,407,444,556,5343,2680,496,,2013,2321,348,,,292,,,,
"Monday, 28 June 2021",1815,2585,2309,2924,504,162,2664,1606,967,185,1244.216061,1173,980,699,,,101,22,607,460,1979,880,883,658,179,320,,1363,615,899,690,523,12,309,561,1710,531,177,198,862,520,708,839,442,552,935,4161,2900,601,711,832,698,496,,,386,,,103,330
"Tuesday, 29 June 2021",1661,2587,2071,2788,551,129,1990,1445,1019,207,1256.541455,943,996,633,,,83,13,695,588,1674,735,892,662,129,282,,1454,605,826,726,358,23,246,537,1340,471,109,168,819,443,660,661,373,524,851,3267,2624,572,650,809,723,474,,,338,,,256,476
"Wednesday, 30 June 2021",2176,1365,1996,1343,739,107,1716,728,1417,219,553.3453078,702,516,557,,,166,11,669,352,2061,491,1275,721,170,388,,2185,500,916,415,424,12,243,245,1399,284,75,144,438,320,353,770,223,450,273,2630,1361,300,295,1060,592,184,,,225,,,197,191
"Thursday, 1 July 2021",1743,1150,1677,1213,573,116,1497,659,1112,149,506.6385526,635,491,545,,,110,6,601,362,1658,468,959,505,85,298,,1612,424,698,369,306,6,188,244,1140,294,68,104,330,285,273,636,204,311,287,1333,780,241,255,775,701,269,,,156,,,161,172
"Friday, 2 July 2021",1797,670,1661,720,517,57,1244,438,1102,114,340.5700898,603,289,515,,,131,8,462,165,1495,255,918,416,88,312,,1543,287,701,216,366,5,199,121,1119,179,46,81,217,317,226,538,143,396,156,,,163,182,866,315,165,,,134,,,146,143
"Saturday, 3 July 2021",1730,495,1885,532,398,35,1714,429,899,100,146.6073149,575,292,577,,,87,7,436,101,1577,170,604,234,77,318,,1211,194,643,127,269,6,139,55,1335,173,34,57,146,275,190,648,116,215,65,,,122,84,897,191,57,,,168,,,77,159
"Sunday, 4 July 2021",3172,4082,3556,3937,742,191,4848,2647,1501,490,1331.142522,1299,1659,1373,,,204,33,1571,1404,4453,1527,1700,1701,360,541,,3035,1597,1476,1207,521,15,299,562,3959,1276,211,428,807,681,808,1504,451,581,748,,,568,674,2282,2626,440,,,282,,,221,470
"Monday, 5 July 2021",2113,2697,2001,2860,581,173,2729,1621,1082,206,1261.731095,1192,1021,668,,,99,19,696,485,2231,916,984,833,245,312,,1612,750,1053,795,436,17,349,584,1860,557,136,192,821,486,761,831,417,566,819,,,578,606,936,798,498,,,261,,,253,562
"Tuesday, 6 July 2021",1918,3144,2278,3334,525,156,2759,1564,1129,202,1425.204738,1091,1207,768,,,126,11,875,633,2088,966,1032,731,182,316,,1669,634,993,852,390,15,353,618,1753,556,128,236,916,517,776,861,490,583,956,,,658,745,914,933,543,,,364,,,284,590
"Wednesday, 7 July 2021",2005,3076,2108,3384,537,146,2721,1659,1072,203,1241.621242,1152,1192,1104,,,117,23,743,636,2336,965,923,787,193,279,,1543,667,949,798,370,5,261,612,1672,590,193,174,841,471,783,813,450,669,852,,,563,708,846,860,563,,,368,,,307,694
"Thursday, 8 July 2021",1612,2746,2136,2982,520,122,2531,1630,851,158,1241.621242,1169,1069,772,,,123,10,676,458,1877,827,707,586,175,269,,1261,592,880,785,403,19,256,505,1590,533,175,154,824,445,715,789,464,590,727,,,570,659,790,590,470,,,379,,,254,671
"Friday, 9 July 2021",969,923,1226,1014,282,49,1390,608,567,78,476.7981257,1001,465,443,,,78,4,291,153,1077,304,424,229,59,141,,905,191,635,246,169,10,158,175,853,142,42,60,383,321,325,513,214,257,246,,,269,296,476,228,155,,,246,,,181,475
"Saturday, 10 July 2021",1658,2296,2147,2364,814,117,3304,1332,985,201,751.2003124,833,1157,729,,,97,10,817,698,2939,793,1246,623,103,251,,1442,808,941,637,360,13,212,328,2309,617,102,218,517,512,505,1000,356,427,376,,,427,405,1116,1101,297,,,265,,,194,538
"Sunday, 11 July 2021",2261,2513,2840,2566,709,195,3454,1547,1232,341,1076.850189,1208,1048,986,,,122,14,1072,813,3140,1157,1221,1312,,,,2188,1108,1056,816,431,16,316,646,2612,859,120,330,621,594,872,1138,487,504,602,,,448,719,1570,1463,399,,,286,,,,
"Monday, 12 July 2021",1912,2695,2143,2937,510,155,2263,1579,970,132,1292.220226,1184,972,730,,,101,15,605,486,1932,856,797,742,,,,1356,575,964,729,474,17,279,587,1509,427,103,148,908,449,663,720,415,659,944,,,616,698,792,620,525,,,331,,,,
"Tuesday, 13 July 2021",2114,3462,2418,3862,576,159,2593,1793,1176,,1558.837954,1455,1376,887,,,119,16,808,651,2154,1050,1037,813,,,,1594,723,996,861,588,34,342,693,1681,479,214,112,1023,536,827,782,493,824,1120,,,716,799,758,803,634,,,401,,,,
"Wednesday, 14 July 2021",1812,3249,2178,3524,508,129,2320,1855,1092,,1599.706365,1253,1178,834,,,115,21,765,666,1989,942,916,749,,,,1369,624,1021,929,515,17,345,614,1509,546,90,87,1061,514,836,813,452,754,1022,,,730,764,692,829,619,,,389,,,,
"Thursday, 15 July 2021",1879,2863,2119,3115,535,125,2135,1554,1144,,1369.416113,1299,1086,712,,,107,18,681,555,1736,854,838,662,,,,1406,559,845,802,463,22,449,590,1480,445,162,176,959,493,693,745,473,674,965,,,682,735,656,604,493,,,393,,,,
"Friday, 16 July 2021",1356,2720,1884,2896,385,102,1805,1394,825,,1225.403618,1049,1113,618,,,77,9,727,632,1535,785,643,512,,,,1103,450,842,711,366,15,348,478,1196,373,247,113,796,443,670,614,390,535,764,,,562,693,569,529,455,,,362,,,,
"Saturday, 17 July 2021",1777,2069,1956,2157,876,124,2716,1184,1230,,794.014838,832,1192,1423,247,59,93,12,764,736,2586,790,1109,640,,,,1302,597,883,634,309,6,239,298,2014,605,55,15,561,528,494,936,268,479,380,2064,482,428,351,827,918,219,,,288,,,,
"Sunday, 18 July 2021",2128,2922,2131,2931,615,188,3646,1761,1533,,1061.28127,1052,1257,1222,361,203,147,17,1039,930,3167,1137,1116,1091,,,,2091,1050,1020,1002,436,11,297,490,2976,954,275,264,636,562,665,1215,376,499,609,5168,2482,426,538,1259,1413,334,,,251,,,,
"Monday, 19 July 2021",2013,2907,2119,3242,496,139,2529,1663,1153,,1411.581934,1291,1061,787,397,473,118,11,606,495,2030,843,971,693,,,,1439,585,994,819,497,15,487,593,1596,542,206,94,919,512,688,848,402,826,951,3942,3042,658,748,587,634,536,,,353,,,,
"Tuesday, 20 July 2021",1843,3403,1983,3703,568,146,2678,1747,1079,,1569.217233,1701,1164,825,555,477,90,7,730,650,2056,1019,1005,701,,,,1673,580,896,849,538,15,446,654,1603,489,210,163,959,543,799,812,439,799,1131,4008,3300,691,845,892,711,586,,,301,,,,
"Wednesday, 21 July 2021",1619,3050,1881,3419,466,115,2473,1489,1019,,1315.573604,1250,1109,718,375,390,67,15,614,653,2027,807,740,574,,,,960,491,963,725,493,21,396,536,1425,412,380,153,576,458,771,812,406,754,916,4324,3242,462,779,532,713,555,,,328,,,,
"Thursday, 22 July 2021",1760,2946,1896,3313,481,139,2444,1527,1085,,1408.338409,1320,1135,807,346,418,110,17,710,511,1893,861,872,642,,,,1171,597,996,623,503,19,404,529,1487,419,236,86,869,473,737,794,415,725,936,3746,3062,670,726,715,621,499,,,363,,,,
"Friday, 23 July 2021",985,2383,1394,2617,291,86,1696,1120,586,,1066.47091,1014,966,599,228,310,49,9,771,709,1240,595,501,508,,,,700,366,763,498,328,15,245,390,992,330,165,119,694,358,523,574,301,527,652,3025,2494,501,561,480,584,388,,,306,,,,
"Saturday, 24 July 2021",1668,2126,2126,2200,904,116,3278,1351,1140,,799.2044774,945,1165,775,476,160,108,14,664,624,2649,891,1272,820,,,,1571,714,775,576,488,6,220,309,2246,664,140,197,571,608,473,1054,318,393,411,5665,2110,454,384,828,767,229,,,258,,,,
"Sunday, 25 July 2021",1870,2178,2033,2155,568,123,3065,1256,1208,,809.5837563,855,1071,753,223,162,94,10,845,694,2688,841,871,634,,,,1419,706,929,594,398,9,209,296,2224,746,195,245,486,519,458,1018,296,520,405,4752,1915,329,420,928,1076,261,,,200,,,,
"Monday, 26 July 2021",1938,2819,2126,3188,522,147,2366,1747,1069,,1635.385136,1773,1034,738,370,442,113,11,583,547,1939,934,918,766,,,,1422,620,1010,753,467,15,406,589,1545,482,172,108,960,500,689,695,431,775,954,4521,3247,676,750,703,697,535,,,305,,,,
"Tuesday, 27 July 2021",2079,3632,2266,3973,536,157,2709,1998,1201,,1798.858779,1770,1344,805,419,497,110,12,690,672,2155,1017,1010,767,,,,1360,685,1194,834,563,24,500,699,1572,548,210,110,1114,523,780,835,501,891,1117,5149,3688,794,898,747,689,621,,,356,,,258,339
"Wednesday, 28 July 2021",1923,3426,2128,3734,492,164,2554,1890,1237,,1770.315762,1839,1224,790,375,452,109,20,776,734,2191,953,928,783,,,,1389,661,1076,835,500,12,489,624,1423,579,174,160,1049,497,724,829,437,815,1040,5069,3613,758,757,731,847,569,,,412,,,393,534
"Thursday, 29 July 2021",1870,3198,2009,3434,494,133,2455,1800,1093,,1654.197579,1772,1197,742,366,426,88,17,722,633,1915,942,887,721,,,,1424,573,990,717,503,24,425,634,1580,506,143,107,1055,485,749,767,484,804,1037,4819,3400,741,829,606,731,552,,,372,,,409,524
"Friday, 30 July 2021",1490,3007,1704,3410,357,102,2324,1587,949,,1543.91774,1524,1391,1173,343,420,117,14,759,711,1785,893,729,684,,,,1165,647,1033,724,472,16,370,541,1440,519,78,35,958,513,733,830,440,742,885,4596,3163,680,778,562,663,492,,,366,,,406,557
"Saturday, 31 July 2021",1726,2327,1734,2333,843,107,2517,1139,1405,,926.3506443,813,1055,636,450,187,118,12,667,756,2378,804,1357,901,,,,1733,785,965,685,462,9,293,295,1795,695,93,110,584,421,533,801,288,615,412,3627,2107,439,390,703,911,277,,,259,,,252,274
"Sunday, 1 August 2021",2836,2637,2666,2630,921,248,3048,2067,2452,,1004.195236,1081,1182,990,413,214,218,45,933,902,3502,1202,1924,1544,,,,3294,1519,1321,841,649,17,449,405,2482,1019,48,7,599,530,672,1086,354,697,324,4286,2194,425,348,1165,1392,315,,,212,,,208,132
"Monday, 2 August 2021",2562,1792,2302,1854,813,171,2011,1172,2031,,740.1723285,736,790,607,,,189,31,603,434,2460,726,1539,920,,,,2705,717,957,475,563,22,471,298,1608,527,97,43,506,430,456,821,292,570,379,3124,1729,347,358,840,579,274,,,207,,,244,191
"Tuesday, 3 August 2021",2756,2128,2429,2041,817,149,2158,1378,2253,,831.6397241,712,863,760,,,233,19,697,604,2624,824,1756,1061,,,,2842,805,1072,562,561,23,474,388,1715,523,104,43,532,424,520,937,328,546,426,3305,1984,369,429,870,747,312,,,230,,,234,174
"Wednesday, 4 August 2021",2512,1878,2106,1918,828,133,2161,1224,2211,,747.9567877,676,806,677,,,183,23,671,512,2811,834,1796,921,,,,2319,799,1081,487,621,19,442,300,1957,565,137,63,476,412,509,931,317,562,362,3358,1877,343,326,884,635,325,,,219,,,214,191
"Thursday, 5 August 2021",2747,2091,2425,2165,953,157,2232,1152,2301,,856.2905115,788,920,899,,,208,27,706,607,2963,870,1776,1035,,,,2623,819,1127,592,649,24,500,354,2136,587,189,103,493,455,527,991,327,662,442,3543,1900,322,391,1011,781,306,,,266,,,231,198
"Friday, 6 August 2021",2710,2251,2444,2283,816,183,2381,1293,2325,,884.1848236,856,1028,826,,,203,33,873,629,3104,962,1633,1147,,,,2811,1004,1142,604,607,14,452,363,2093,675,240,77,563,449,594,974,359,587,392,3814,1974,380,418,1054,850,368,,,245,,,211,207
"Saturday, 7 August 2021",3186,3371,3248,3561,1213,291,3724,2352,3018,,1427.799557,1283,1676,1431,,,262,47,1377,1224,4546,1563,2257,1898,,,,3835,1855,1399,1028,834,21,581,466,3306,1313,19,3,764,786,934,1702,529,683,509,5555,2992,496,504,1548,1868,536,,,302,,,279,131
"Sunday, 8 August 2021",2919,3587,2886,3714,1116,314,3588,2517,2696,,1424.556033,1195,1706,1175,,,243,30,1360,1298,4354,1822,1970,2050,,,,3428,1757,1301,1108,777,49,502,507,2894,1348,237,132,829,743,947,1580,508,758,531,5900,3275,522,523,1494,1874,544,,,255,,,205,251
"Monday, 9 August 2021",1549,1146,1479,1279,416,71,1509,710,1088,,501.4489132,761,524,586,,,127,13,304,152,1494,410,775,418,,,,1247,322,688,256,391,8,268,348,1128,225,99,59,445,388,381,663,251,459,433,2569,1340,309,334,432,236,239,,,202,,,249,362
"Tuesday, 10 August 2021",1983,2750,2224,2874,586,122,2210,1459,1337,,982.1392685,834,1119,724,,,155,34,674,523,2007,918,1086,856,,,,1633,632,1012,607,603,30,418,521,1371,496,120,189,822,463,678,768,437,749,785,,,563,625,670,563,411,,,303,,,287,392
"Wednesday, 11 August 2021",1948,2528,2082,2727,505,116,2080,1381,1290,,913.3765456,837,1077,717,,,90,21,626,546,2042,802,1031,827,,,,1736,566,1000,608,530,19,359,522,1330,456,140,179,772,488,634,725,411,772,751,,,498,652,689,652,448,,,289,,,334,439
"Thursday, 12 August 2021",2036,2860,2195,3090,602,142,2207,1568,1235,,1020.41286,781,1209,750,,,111,16,712,546,2076,922,1108,832,,,,1670,756,924,601,525,17,370,536,1484,524,55,18,894,456,659,777,460,784,782,,,573,640,653,680,418,,,342,,,380,484
"Friday, 13 August 2021",1425,2755,1670,2924,416,117,1981,1489,935,,989.2750228,662,1251,721,,,78,16,789,766,1712,830,764,798,,,,1253,653,756,606,391,19,279,483,1144,606,72,11,828,430,641,637,379,547,697,,,548,636,628,715,426,,,350,,,350,421
"Saturday, 14 August 2021",1993,2772,2123,2815,726,161,3063,1890,1304,,930.8915788,801,1263,863,,,129,15,928,827,2934,1010,1220,1186,,,,2017,1048,918,726,398,16,218,393,2197,764,27,6,575,609,611,1229,383,576,465,,,467,471,971,1039,278,,,314,,,296,558
"Sunday, 15 August 2021",2230,3545,2448,3626,656,232,3564,2563,1484,,1128.097878,992,1501,840,,,146,21,1126,1138,3423,1393,1091,1597,,,,2351,1291,1126,960,433,18,317,524,2645,1085,26,15,746,627,712,1194,461,774,643,,,549,538,1346,1735,401,,,211,,,228,391
"Monday, 16 August 2021",2080,2732,2254,2980,563,168,2151,1818,1298,,1415.474164,1394,1121,689,,,152,16,629,536,2217,841,1073,751,,,,1624,640,1063,711,543,17,377,571,1369,506,60,4,937,471,648,733,395,791,810,,,642,699,837,682,442,,,306,,,378,467
"Tuesday, 17 August 2021",2198,3518,2147,3670,543,150,2565,1947,1571,,1658.738514,1588,1350,732,,,119,27,784,791,2466,1022,1160,942,,,,1868,767,1155,882,585,28,490,656,1804,590,87,46,1070,447,755,847,443,791,1028,,,705,859,828,874,594,,,338,,,372,500
"Wednesday, 18 August 2021",1769,2990,1942,3228,503,122,2142,1395,1092,,1401.85136,1440,1171,679,,,77,26,727,704,1763,794,777,617,,,,1160,515,957,735,491,14,342,558,1343,386,153,208,933,422,677,831,424,848,851,,,649,716,623,682,494,,,346,,,309,480
"Thursday, 19 August 2021",1947,3145,2337,3455,552,148,2315,1731,1180,,1484.885592,1581,1289,779,,,140,16,802,773,2107,972,1018,791,,,,1456,632,1027,807,523,16,405,559,1420,537,160,110,1013,423,700,768,424,842,862,,,699,749,784,782,502,,,374,,,379,503
"Friday, 20 August 2021",1596,3239,2027,3457,418,121,2359,1883,1082,,1508.238969,1383,1441,761,,,110,17,899,874,1975,962,821,789,,,,1461,685,1018,836,586,24,347,562,1382,577,114,27,964,439,703,783,415,861,845,,,668,697,732,753,465,,,378,,,389,579
"Saturday, 21 August 2021",1880,3094,2330,3239,827,156,3349,2064,1186,,1058.037746,891,1492,915,,,127,28,822,963,3146,1187,1205,1041,,,,1970,1169,1059,824,402,8,296,432,2445,928,76,26,715,561,733,1170,452,544,583,,,556,555,868,1127,347,,,289,,,326,664
"Sunday, 22 August 2021",2140,3333,2250,3446,606,185,3280,2408,1393,,1120.313419,1162,1461,1038,,,134,30,871,1024,3415,1365,1063,1394,,,,2172,1316,1121,936,409,19,352,495,2714,1097,66,163,771,553,655,1129,442,634,610,,,511,608,1198,1255,398,,,248,,,269,457
"Monday, 23 August 2021",2071,3106,2048,3431,553,154,2483,1915,1275,,1614.626578,1638,1189,737,,,133,17,654,566,2172,980,992,769,,,,1659,672,1119,751,516,18,406,688,1560,542,18,1,1000,499,712,758,451,881,996,684,259,725,773,698,721,606,,,349,,,393,501
"Tuesday, 24 August 2021",1717,2359,1773,2679,486,115,2176,1473,972,,1318.817129,1566,900,789,,,81,15,401,428,1685,731,842,529,,,,1268,419,895,547,475,28,359,526,1259,376,85,10,879,404,626,722,424,705,897,4353,2777,595,675,461,429,496,,,335,,,289,416
"Wednesday, 25 August 2021",1899,3487,2164,3655,504,120,2684,1791,1140,,1712.581023,1758,1342,798,,,137,19,770,701,2100,1017,973,705,,,,1425,585,1123,848,538,18,477,651,1578,542,149,56,1116,552,780,902,515,894,1015,5116,3813,778,825,650,832,585,,,404,,,434,566
"Thursday, 26 August 2021",1928,3278,2195,3622,549,139,2443,1749,1308,,1578.947807,1892,1278,785,,,115,13,657,693,2017,893,852,724,,,,1247,660,998,807,513,15,449,591,1545,509,222,124,1038,501,744,824,500,1003,956,4840,3324,707,769,656,708,549,,,411,,,393,549
"Friday, 27 August 2021",1532,3201,1911,3427,489,126,2306,1661,1027,,1525.754002,1488,1407,829,,,116,17,859,795,1759,861,812,682,,,,1294,627,995,745,484,17,371,558,1642,538,610,73,928,505,727,779,425,946,842,4623,3164,701,751,591,737,507,,,353,,,360,621
"Saturday, 28 August 2021",1714,2650,2094,2770,756,121,3029,1616,1078,,965.9216452,1006,1222,824,,,146,20,758,774,2845,1014,1054,893,,,,1673,960,1047,712,368,9,304,374,2283,790,1572,172,613,540,568,1025,368,399,482,5147,2454,449,470,716,787,300,,,266,,,270,591
"Sunday, 29 August 2021",2076,2967,2244,2976,595,162,3456,1697,1231,,1000.951712,1045,1241,855,,,124,29,829,891,3093,1157,1018,1154,,,,2048,1027,1015,802,403,19,278,449,2362,939,450,208,608,586,661,1206,394,401,484,5363,2561,425,459,1030,1207,329,,,255,,,237,482
"Monday, 30 August 2021",2085,3081,2281,3463,503,146,2391,1823,1220,,1504.34674,1583,1166,732,,,133,15,558,556,2148,973,900,740,,,,1632,659,986,755,512,15,432,694,1715,476,24,14,969,478,669,742,458,785,1048,4967,3357,674,823,689,581,587,,,321,,,380,512
"Tuesday, 31 August 2021",1987,3902,2102,4124,589,162,2554,2086,1232,,1781.343746,1726,1424,872,,,111,24,717,784,2134,1091,971,835,,,,1659,758,1114,951,565,25,448,738,1558,536,116,14,1152,500,780,918,524,898,1134,5160,4037,770,896,740,813,634,,,397,,,413,549
"Wednesday, 1 September 2021",1991,3725,2057,4039,489,142,2615,2227,1141,,1834.53755,1706,1456,701,,,129,36,729,824,2051,1072,975,857,,,,1656,728,1059,860,529,21,452,638,1544,535,45,34,1183,552,819,748,487,874,1057,5046,4095,839,862,781,889,661,,,406,,,413,605
"Thursday, 2 September 2021",1900,3318,1949,3721,528,152,2454,2035,1157,,1704.796564,1791,1325,686,,,103,18,694,634,2112,1052,923,678,,,,1450,655,915,784,531,22,432,574,1363,526,100,13,1077,463,738,690,485,891,1002,4819,3707,770,811,653,700,584,,,408,,,401,544
"Friday, 3 September 2021",1328,2668,1473,2851,440,117,2133,1518,886,,1290.274112,1365,1131,551,,,119,21,619,506,1483,777,645,583,,,,1047,496,724,613,321,11,273,454,1203,484,133,19,965,447,596,695,424,598,679,4468,3131,703,645,436,505,401,,,336,,,380,687
"Saturday, 4 September 2021",1666,2556,2006,2617,754,135,3061,1731,1141,,1043.766237,1051,1290,1010,,,156,48,799,742,2728,1043,1283,818,,,,1613,921,870,665,590,14,219,360,2082,745,79,14,683,644,566,1327,413,505,431,5955,2537,474,517,818,934,320,,,267,,,316,742
"Sunday, 5 September 2021",1632,2453,1738,2482,430,117,2727,1606,894,,861.480151,780,1000,594,,,82,17,681,738,2655,910,704,904,,,,1493,842,838,654,295,8,201,288,2153,730,156,8,513,489,511,1423,337,379,414,5225,2175,413,389,724,1038,253,,,166,,,169,428
"Monday, 6 September 2021",2102,2996,2117,3300,556,165,2559,1888,1176,,1599.05766,1674,1251,799,,,101,19,649,476,2139,930,968,714,,,,1730,606,1085,776,529,24,462,639,1642,483,6,5,964,478,723,785,500,818,955,4223,3033,688,787,703,622,548,,,351,,,338,510
"Tuesday, 7 September 2021",2089,3898,2491,4209,551,162,2723,2148,1289,,1841.0246,1747,1488,875,,,130,17,750,808,2181,1158,966,815,,,,1724,661,1107,858,559,27,474,710,1852,593,88,5,1130,530,807,770,551,892,1211,,,795,968,699,769,614,,,388,,,388,584
"Wednesday, 8 September 2021",2006,3741,2450,3941,495,148,2522,2111,1232,,1802.751009,1751,1403,754,,,97,19,717,747,2081,1076,907,844,,,,1507,687,1107,878,561,23,457,665,1610,514,213,27,1168,527,808,767,530,778,1121,,,832,935,743,709,624,,,435,,,464,600
"Thursday, 9 September 2021",2085,3345,2230,3618,513,181,2629,1981,1235,,1665.874268,1728,1375,716,,,100,22,680,727,2162,1078,929,794,,,,1531,692,1015,834,509,19,379,674,1715,535,207,88,1073,538,827,738,561,833,1112,,,759,881,672,633,620,,,407,,,427,592
"Friday, 10 September 2021",1490,3294,1862,3589,409,138,2331,1813,783,104,1574.406872,1492,1481,604,,,98,16,794,801,1907,971,731,771,,,,1327,632,884,776,463,16,318,546,1510,541,68,16,999,548,747,686,448,707,920,,,750,802,704,601,480,,,393,,,433,727
"Saturday, 11 September 2021",1698,2524,1808,2707,645,120,2837,1786,346,185,1061.929975,1096,1412,713,,,78,20,657,746,2721,952,1158,903,,,,1551,935,923,741,362,8,276,411,2242,778,88,12,649,438,506,867,386,473,567,,,455,503,760,763,302,,,285,,,268,666
"Sunday, 12 September 2021",2053,3004,2110,3059,507,146,5331,1963,313,361,1094.365222,971,1316,730,,,83,14,825,933,3016,1203,1025,1062,,,,1782,1221,899,830,413,22,243,455,4105,817,134,110,631,571,636,948,396,472,571,,,469,579,938,1143,398,,,272,,,224,490
"Monday, 13 September 2021",2062,2970,2176,3286,500,163,2125,1914,415,180,1506.941559,1507,1167,626,,,109,16,531,526,1952,957,900,638,,,,1486,679,993,727,486,24,365,650,1502,538,333,65,1000,471,705,612,472,1036,1013,,,736,792,809,701,560,,,347,399,346,398,528
"Tuesday, 14 September 2021",1896,3862,2103,4136,526,153,2734,2247,537,185,1822.212157,1541,1446,786,,,85,17,740,746,2224,1256,966,717,,,,1386,610,1111,882,532,28,458,696,1761,575,167,64,1127,457,815,836,538,916,1175,,,769,933,713,631,671,,,420,407,418,456,559
"Wednesday, 15 September 2021",2013,3603,2428,3885,563,147,2540,1956,475,196,1718.419367,1598,1455,815,,,85,29,740,707,2221,1072,860,734,,,,1413,675,1059,851,475,20,433,637,1670,555,73,17,1033,518,810,810,499,787,1090,,,763,922,707,800,632,,,385,419,411,438,634
"Thursday, 16 September 2021",1988,3460,2267,3832,498,149,2458,1911,509,186,1704.147859,1678,1395,759,,,110,25,761,726,2137,1085,948,739,,,,1567,667,982,744,513,24,400,650,1627,576,147,16,1103,504,746,763,478,829,1017,,,758,860,699,695,585,,,397,515,306,443,606
"Friday, 17 September 2021",1616,3335,1966,3632,407,144,2329,1959,379,166,1578.299102,1354,1441,726,,,84,12,832,814,1901,929,770,832,,,,1345,677,921,801,376,12,310,602,1623,600,43,4,1030,485,691,746,450,685,843,,,704,832,590,627,471,,,423,635,236,443,775
"Saturday, 18 September 2021",1695,2818,2057,3028,755,130,3414,1818,308,233,1013.92581,844,1504,1134,,,87,16,785,836,2714,1115,1186,901,,,,1536,897,807,798,337,8,252,371,2261,797,95,48,691,534,549,952,342,425,597,,,517,565,704,926,326,,,310,508,210,304,711
"Sunday, 19 September 2021",1948,2925,2116,2958,471,157,3155,1980,270,276,1095.662632,929,1289,786,,,121,14,704,862,2891,1169,899,1076,,,,1958,1195,915,797,557,20,268,438,2462,948,148,157,629,487,676,949,344,450,564,,,463,511,858,1047,363,,,235,427,163,278,614
"Monday, 20 September 2021",2114,2857,1950,3328,534,190,2568,1913,329,238,1406.392295,1539,1263,639,,,145,22,472,443,2219,1020,846,729,,,,1643,615,870,751,368,34,395,619,1736,544,96,25,916,423,713,700,479,681,957,,,654,761,655,602,514,,,412,620,196,414,725
"Tuesday, 21 September 2021",780,1916,1765,3623,536,154,2469,1984,444,192,1602.949889,1484,1289,645,,,92,19,542,688,2155,989,800,563,,,,1115,626,866,846,378,30,405,643,1560,526,52,77,1033,460,739,689,495,771,1024,,,697,838,503,689,511,,,380,411,316,438,602
"Wednesday, 22 September 2021",,,2288,3552,504,166,2748,2038,445,173,1588.029676,1677,751,1318,,,126,15,628,588,2181,1126,852,689,275,177,623,1493,682,1085,823,398,29,369,571,1769,586,100,26,1052,466,754,826,483,626,962,0,0,730,838,698,716,510,,,407,428,440,485,736
"Thursday, 23 September 2021",,,2214,3693,460,161,2792,2125,422,230,1577.650397,1648,723,1383,,,100,26,739,577,2226,1141,824,754,270,179,,1455,695,1060,797,388,15,381,634,1876,624,300,35,1083,502,801,789,473,845,939,,,772,844,684,672,1542,,,439,477,426,481,711
"Friday, 24 September 2021",,,1959,3633,428,120,2637,1866,344,202,1463.478329,1347,784,1556,,,100,16,791,725,2008,1012,817,719,254,174,,1532,706,914,828,359,26,318,482,1734,676,16,1,1026,48,1069,37,7,587,829,,,703,784,618,662,423,,,446,513,456,480,799
"Saturday, 25 September 2021",,,3031,3112,738,117,3745,1625,269,172,939.9734479,833,1147,1672,253,66,88,25,600,813,2302,1034,935,809,278,150,,1782,813,803,684,305,11,212,366,2279,679,109,77,712,113,805,22,17,392,486,,,615,602,587,734,413,,,282,372,384,587,903
"Sunday, 26 September 2021",,,1529,2603,447,112,2898,1601,178,269,867.3184954,834,888,1129,365,209,85,12,595,777,2625,922,843,939,252,238,,1732,873,795,688,293,13,197,353,1821,698,89,6,580,118,606,578,255,388,420,,,454,447,623,813,294,,,238,297,257,216,553
"Monday, 27 September 2021",,,1804,2553,446,138,2096,1633,431,157,1045.712352,1069,755,931,397,479,91,15,383,335,1631,760,733,404,251,122,,1397,497,808,485,264,19,350,451,1322,391,18,1,818,389,630,760,358,502,730,,,564,609,464,347,452,,,350,364,367,362,550
"Tuesday, 28 September 2021",,,2096,3718,492,160,2552,2193,473,232,1583.488741,1166,877,1399,559,474,97,10,731,635,2058,1061,883,777,291,207,,1619,772,1064,813,384,29,423,643,1382,548,211,64,1024,507,780,790,534,693,1004,,,702,797,644,739,572,,,407,414,428,436,718
"Wednesday, 29 September 2021",,,1832,3088,421,144,1967,1560,370,156,1259.78498,1124,750,1177,370,393,98,9,684,576,1626,821,708,580,220,121,,1201,567,929,693,306,19,346,478,1136,434,186,150,877,436,594,591,399,470,811,,,564,717,511,615,439,,,356,379,374,398,661
"Thursday, 30 September 2021",,,1276,1680,305,75,1606,940,182,97,793.366133,900,499,725,349,419,88,20,238,163,1201,456,537,363,172,94,,876,285,506,365,230,8,243,289,721,305,151,26,546,341,410,433,267,360,470,,,367,393,313,219,236,,,283,322,326,282,654
"Friday, 1 October 2021",,,1425,1559,359,94,1690,880,301,182,758.9847716,875,588,693,224,296,68,8,374,287,1406,475,697,350,212,92,,1127,316,652,340,332,8,226,217,959,302,216,67,480,351,336,538,238,392,301,,,358,368,389,323,222,,,1315,309,297,317,645
"Saturday, 2 October 2021",,,2109,2951,830,110,3198,1925,321,226,914.0252506,821,673,1387,470,161,179,12,787,816,2760,1107,1147,905,315,188,,1790,1003,793,774,302,14,262,459,2282,855,150,145,614,541,615,783,343,467,564,,,462,519,739,1022,323,,,348,345,372,317,758
"Sunday, 3 October 2021",,,1846,2876,386,129,2821,1865,270,311,995.7620721,865,989,1370,234,171,122,27,701,761,2769,1103,718,1097,317,186,,1806,1034,849,755,292,27,204,429,2251,889,165,42,592,462,562,772,376,490,515,,,423,524,808,1087,307,,,266,306,324,280,668
"Monday, 4 October 2021",,,1755,2800,334,183,2088,2077,260,367,954.8936613,724,539,1245,370,441,124,25,474,728,2757,1113,712,1093,317,180,,1893,1056,915,707,322,29,190,450,1966,959,121,87,531,466,572,484,384,415,479,,,391,498,777,868,324,,,207,265,228,251,486
"Tuesday, 5 October 2021",,,1749,3755,465,175,1788,1889,427,187,1706.093974,1350,636,1412,422,498,141,18,678,656,1972,1033,903,746,276,170,,1586,670,1100,828,563,26,340,578,1678,571,64,10,1057,429,710,537,478,781,1008,,,767,863,668,729,536,,,395,367,428,385,534
"Wednesday, 6 October 2021",,,1933,3977,483,155,2168,1950,476,212,1776.154106,1699,703,1442,367,451,129,27,929,813,2185,1098,932,882,270,148,,1632,755,1189,919,545,21,396,649,1802,593,119,4,1144,481,786,629,556,750,1084,,,824,900,817,801,1366,,,387,136,689,524,629
"Thursday, 7 October 2021",,,1756,3779,502,142,2120,1928,369,185,1689.227645,1686,686,1365,389,436,116,25,837,703,1925,1021,850,729,289,189,,1450,709,892,831,502,19,350,608,1535,532,85,16,1059,357,716,562,471,783,1030,,,773,838,687,778,595,,,377,457,318,,
"Friday, 8 October 2021",,,1646,3799,422,134,2063,1977,305,237,1531.592347,1322,577,1501,320,405,93,12,914,895,1966,1043,758,731,291,152,,1635,739,908,849,442,28,306,513,1418,589,158,78,1022,444,709,609,407,643,839,,,786,758,671,762,535,,,394,414,427,342,514
"Saturday, 9 October 2021",,,1440,3138,722,133,2696,1878,236,273,1029.494729,1132,612,1609,445,179,129,25,742,948,2669,1130,1179,970,252,126,,1708,1010,892,753,327,16,234,457,2116,872,24,2,664,391,672,785,411,463,553,,,511,499,744,1077,371,,,290,111,617,366,780
"Sunday, 10 October 2021",,,1505,3366,502,151,3252,2028,229,341,1232.539373,1121,665,1484,430,218,124,25,759,975,3292,1279,815,1126,339,217,,1883,1146,853,932,304,20,234,557,2182,943,32,36,656,1253,738,832,375,457,666,,,513,604,819,1233,352,,,267,463,95,326,598
"Monday, 11 October 2021",1198,1533,,,478,192,2028,1955,244,194,1533.538462,1513,607,1232,,143,115,19,663,566,1869,992,888,720,273,178,,1419,692,848,742,499,21,377,593,1305,532,59,48,977,349,807,488,447,811,990,,,708,829,632,689,611,,,385,496,359,472,524
"Tuesday, 12 October 2021",1362,1598,,,409,93,1631,1088,399,93,993.1672524,1679,685,674,294,292,64,8,333,226,1332,501,726,306,175,68,,1020,299,897,408,363,13,327,321,1032,230,87,12,651,294,417,591,308,452,600,,,487,455,513,331,309,,,278,351,298,334,471
"Wednesday, 13 October 2021",1831,3159,,,488,135,2235,1714,434,160,1571.812053,1823,778,1219,,,102,25,690,584,2024,917,896,647,268,117,,1406,588,991,792,476,21,374,537,1245,497,181,42,1013,444,736,597,434,894,924,,,670,799,659,684,571,,,418,439,338,473,602
"Thursday, 14 October 2021",1041,1015,,,294,44,1184,479,175,78,640.2717688,1487,556,458,,,61,5,272,128,983,285,399,159,121,32,,777,212,580,276,305,6,184,154,507,153,67,4,394,248,235,462,186,280,237,3057,1233,309,231,390,158,147,,,263,333,217,240,456
"Friday, 15 October 2021",1417,2599,,,401,122,2089,1423,291,178,1304.54562,1330,741,1297,,,79,16,551,493,1715,844,655,508,251,104,,1233,504,887,646,469,13,260,389,1328,419,58,4,864,502,613,531,397,646,697,4470,2858,641,681,551,540,441,,,381,418,399,484,696
"Saturday, 16 October 2021",,,,,855,186,3124,1841,406,338,1128.746583,1244,705,1537,,,102,20,924,875,2958,1084,1324,880,292,207,,1497,948,995,857,356,12,249,305,2406,898,48,3,681,509,652,930,388,457,461,6329,2553,514,506,845,874,317,,,133,366,371,327,665
"Sunday, 17 October 2021",,,,,524,176,3112,2186,361,342,2626.606274,1536,684,1416,,,107,14,857,850,3360,1252,954,1158,393,286,,2084,1131,1185,908,386,15,258,399,2550,1056,47,27,794,518,626,936,373,510,562,6217,2716,663,538,882,1183,363,,,104,344,282,305,530
"Monday, 18 October 2021",445,847,,,321,130,1521,1277,252,149,1170.263699,1252,462,909,,,81,16,464,421,1278,650,565,527,178,97,,860,408,672,568,355,14,269,410,786,367,111,7,758,688,183,398,349,587,738,3315,2616,593,592,504,411,487,,,152,383,328,396,444
"Tuesday, 19 October 2021",2082,3279,,,550,157,2451,1960,426,182,1643.8183,1857,763,1334,,,119,15,699,563,2173,1063,1080,718,289,142,,1608,673,1174,772,519,28,434,603,1739,492,38,7,1090,990,314,716,452,927,970,4956,3541,748,817,696,620,607,,,167,461,399,508,604
"Wednesday, 20 October 2021",1763,3966,,,520,161,2493,2028,402,188,1851.403879,1561,711,1528,,,103,34,770,848,2003,1089,973,859,292,148,,1466,722,973,956,492,25,401,695,1487,530,210,53,1143,1141,,612,501,883,1159,4747,4062,830,968,692,828,642,,,197,448,442,546,581
"Thursday, 21 October 2021",1374,2810,,,471,146,2094,1619,322,137,1399.905245,1582,492,1119,,,80,17,616,553,1551,761,720,603,185,138,582,1146,533,854,621,407,17,352,581,1056,446,29,4,999,994,,474,392,661,869,4041,3071,689,769,515,592,540,,,178,535,232,470,569
"Friday, 22 October 2021",1389,2741,,,383,129,2007,1419,266,122,1295.463751,1455,568,1279,,,92,20,722,705,1667,765,706,580,204,125,523,1136,443,1004,699,425,24,275,446,866,395,47,16,898,1162,,558,351,590,678,4265,2814,693,644,609,640,443,,,195,701,105,471,658
"Saturday, 23 October 2021",1409,2897,,,860,120,2482,1515,168,244,1045.063647,1070,551,1315,,,103,13,826,793,2633,1075,1280,823,251,144,615,1415,839,774,805,309,10,269,383,1566,657,31,2,597,1079,,769,327,417,472,5130,2554,482,505,690,943,318,,,102,455,133,325,634
"Sunday, 24 October 2021",1701,2939,,,345,113,1834,1828,227,241,1114.475075,878,598,1309,,,106,14,551,851,2459,1146,749,1003,264,194,662,1568,937,874,865,282,11,233,386,1930,898,51,14,640,1193,,680,340,416,485,4760,2764,480,471,854,1058,319,,,122,409,133,273,613
"Monday, 25 October 2021",1494,2670,,,431,152,1763,1696,231,163,1331.142522,1414,503,1048,,,113,15,589,498,1609,897,713,584,197,134,522,1101,517,819,630,473,18,334,556,1036,425,25,2,866,845,,444,432,637,929,3815,3073,635,755,599,553,532,,,158,549,228,431,575
"Tuesday, 26 October 2021",1856,3368,,,518,118,2182,1855,278,172,1612.680463,1616,549,1329,,,157,14,742,647,1943,1009,981,677,240,167,702,1529,674,1002,811,607,10,467,581,1171,514,122,19,1095,1086,,604,454,768,1015,4441,3624,757,868,676,668,644,,,166,632,278,,
"Wednesday, 27 October 2021",1888,3811,,,567,158,2064,2173,235,182,1800.156189,1556,501,1440,,,119,40,788,778,1983,1236,929,771,233,154,847,1543,728,953,947,508,22,482,703,1571,612,266,29,1191,1137,,603,518,962,1042,4693,4185,813,878,720,863,636,,,203,647,310,,
"Thursday, 28 October 2021",1494,3209,,,375,150,1768,1854,167,208,1571.163348,1376,464,1443,,,112,19,665,700,1749,943,671,622,178,176,751,1342,632,749,772,370,15,315,582,1157,487,25,5,1030,837,,447,433,656,874,4526,3411,744,797,704,608,517,,,170,536,421,236,547
"Friday, 29 October 2021",1192,2259,,,420,106,2030,1626,211,235,825.1526747,812,327,1062,,,89,13,621,716,1949,854,671,814,238,144,635,1470,754,792,653,253,5,272,383,1103,689,,,536,840,,735,288,425,451,,,392,458,705,776,232,,,115,370,257,239,615
"Saturday, 30 October 2021",1114,2088,,,593,76,1874,1276,196,177,784.284264,694,444,1066,,,95,10,498,659,1895,775,832,669,200,144,469,1158,600,644,557,203,8,164,240,1357,615,,,484,797,,584,251,267,328,,,372,339,586,772,223,,,139,310,306,232,613
"Sunday, 31 October 2021",1697,2378,,,550,128,2744,1516,259,259,864.7236756,1056,567,1035,,,140,16,763,644,2609,836,942,887,307,223,468,1842,754,948,681,322,7,295,368,1916,769,,,479,882,,1032,282,379,417,,,348,396,799,739,258,,,82,291,229,123,139
"Monday, 1 November 2021",1879,2944,,,595,178,2253,1733,403,216,1366.172589,1332,570,1182,,,109,23,650,526,2050,951,897,695,263,146,533,1520,588,1024,681,510,26,432,649,1281,558,,,962,1010,,720,465,597,989,,,666,744,680,545,571,,,170,491,325,,
"Tuesday, 2 November 2021",,,,,559,175,2228,1935,347,196,1626.303267,1376,610,1474,,,105,18,816,797,2038,1059,887,769,230,204,782,1428,721,1099,831,556,24,446,751,1178,551,,,1092,1174,,665,504,654,1111,,,783,950,674,818,624,,,196,562,406,334,423
"Wednesday, 3 November 2021",,1810,,,567,142,2339,2025,474,179,1578.947807,1384,678,1522,,,118,22,845,768,2094,1025,910,777,250,162,566,1581,657,1097,793,502,29,411,726,1503,567,,,1160,1338,,661,481,828,1174,,,763,922,733,869,612,,,169,525,371,453,623
"Thursday, 4 November 2021",,3664,,,535,173,2285,2157,429,218,1587.380971,1483,577,1534,,,118,16,851,780,2281,1048,937,780,258,152,,1423,746,997,780,542,23,460,715,1539,604,,,1101,1176,,712,523,1001,1082,,,788,930,683,856,641,,,177,537,398,496,742
"Friday, 5 November 2021",,,,,471,120,2167,1698,342,225,1340.873096,1276,466,1462,,,100,23,874,798,1839,977,683,706,239,168,,1292,599,850,724,453,29,371,506,1154,512,,,983,1130,,593,409,773,802,,,662,852,666,710,511,,,166,545,398,447,705
"Saturday, 6 November 2021",1440,2564,,,839,138,2679,1723,361,285,960.7320057,1046,556,1305,,,128,18,748,805,2921,1078,1121,926,204,201,,1450,935,914,727,279,19,252,430,1730,726,,,651,933,,735,329,694,524,,,467,589,670,805,307,,,,371,371,318,737
"Sunday, 7 November 2021",,,,,514,152,2530,1548,153,331,1024.305089,977,503,1175,,,89,11,756,844,2434,984,843,988,205,168,,1753,665,890,767,357,16,400,414,1446,657,,,645,880,,774,279,593,501,,,457,487,824,985,287,,,,322,278,273,515
"Monday, 8 November 2021",,,,,441,87,1977,1088,298,109,937.3786281,1325,534,878,,,99,14,391,228,1541,632,571,412,206,94,,1300,332,763,484,435,20,296,392,486,249,,,709,955,,551,351,506,585,,,506,507,588,295,362,,,,417,293,346,455
"Tuesday, 9 November 2021",,,,,576,183,2398,2199,217,220,1568.568528,1426,546,1563,,,126,24,836,749,2128,1199,977,942,285,208,,1596,763,903,831,628,15,480,701,1148,575,,,1108,1234,,574,531,815,1136,,,765,950,784,724,691,,,,536,395,538,624
"Wednesday, 10 November 2021",,,,,459,103,1936,1703,102,172,1301.302096,1306,412,1188,,,87,15,668,605,1615,908,726,598,171,101,,1312,521,753,649,438,11,364,541,991,422,,,1006,1102,,476,434,709,865,,,712,763,666,651,602,,,,497,379,457,670
"Thursday, 11 November 2021",,,,,341,114,1358,1362,138,120,1122.259534,1212,357,1014,,,76,14,431,479,1388,687,540,493,164,103,452,988,427,571,554,358,22,268,441,690,321,,,858,979,,389,358,515,651,3308,2643,598,635,476,484,474,,,,412,295,361,522
"Friday, 12 November 2021",1409,2529,,,279,61,1453,806,127,81,668.8147859,1196,580,685,,,78,12,379,222,,,395,258,147,49,291,967,287,636,364,306,12,184,251,648,161,,,525,770,,425,281,333,395,3597,1743,378,388,402,198,244,,,,382,386,314,664
"Saturday, 13 November 2021",1481,2280,,,930,134,2955,1540,459,252,863.4262658,987,606,1297,,,102,5,834,835,,,1248,756,296,178,615,1541,764,1067,657,365,12,297,350,2395,658,,,689,911,,909,308,557,413,5680,2541,515,485,601,781,323,,,,364,384,291,809
"Sunday, 14 November 2021",,,,,580,192,2760,1940,443,353,1096.960042,858,597,1296,,,133,28,842,1034,,,954,1015,308,238,,1721,1148,1070,864,428,27,289,442,2529,909,,,641,1105,,897,364,568,598,5593,2729,477,597,824,1262,354,,,,317,266,243,605
"Monday, 15 November 2021",,,,,570,166,2043,1948,425,208,1462.829624,1115,525,1299,,,127,20,522,553,,,960,787,264,184,597,1476,683,991,729,499,36,397,681,1801,516,,,1031,1207,,532,472,931,1046,4091,3624,706,817,835,655,610,,,,451,332,448,652
"Tuesday, 16 November 2021",,,,,572,194,2240,2298,403,199,1678.848367,1296,526,1563,,,116,18,799,794,,,1103,782,285,197,755,1619,794,991,930,527,26,461,769,1681,636,,,1175,1189,,542,529,1002,1186,4415,4332,843,1024,791,714,680,,,293,440,510,517,721
"Wednesday, 17 November 2021",,,,,497,159,2273,1939,259,225,1567.919823,1265,488,1432,,,102,21,759,741,,,875,795,235,135,776,1314,636,885,817,456,27,464,618,1155,495,,,1085,1065,,563,508,815,1113,4144,3905,761,904,726,925,640,,,447,555,395,491,702
"Thursday, 18 November 2021",,,,,477,135,2235,1819,364,205,1368.118704,1312,464,1336,,,97,12,634,578,,,825,598,234,136,603,1305,560,809,715,443,31,368,596,1306,433,,,1008,952,,623,469,637,974,3978,3422,653,811,723,599,518,,,438,573,343,461,669
"Friday, 19 November 2021",,,,,403,136,2121,1951,352,221,1381.741507,1117,535,1509,,,92,30,914,841,,,677,762,253,176,890,1379,677,776,735,423,23,363,588,1487,607,,,1043,1109,,594,471,990,881,4449,3638,723,856,623,717,575,,,356,579,357,495,881
"Saturday, 20 November 2021",,,,,705,133,2787,1630,279,221,836.8293635,656,602,1314,,,117,19,699,809,,,1066,818,270,179,729,1453,894,659,722,265,20,247,329,1738,748,,,644,873,,762,358,493,445,6193,2608,482,479,682,797,314,,,284,372,309,305,786
"Sunday, 21 November 2021",,,,,547,188,2684,1910,120,266,951.0014317,772,403,1346,,,122,10,664,894,,,981,1054,262,239,659,1785,1111,810,799,304,10,302,396,1760,837,,,644,898,,802,390,598,503,5029,2653,464,496,795,950,276,,,260,371,222,294,610
"Monday, 22 November 2021",,,,,375,78,,,239,102,675.3018352,940,529,584,,,85,14,326,234,,,686,334,196,96,302,1197,356,581,273,336,9,227,322,693,227,,,469,651,,531,265,392,520,2663,1726,300,371,406,263,290,,,247,333,197,258,426
"Tuesday, 23 November 2021",,,,,355,107,,,300,87,969.1651699,1059,445,821,,,75,7,364,352,,,491,497,167,101,423,716,413,514,412,306,22,251,506,925,370,,,640,820,,332,307,562,796,2560,2531,472,683,339,373,449,,,285,319,245,300,457
"Wednesday, 24 November 2021",,,,,428,98,,,203,131,877.0490694,1078,458,837,,,114,16,388,279,,,635,471,224,117,336,1176,299,651,415,392,37,325,463,894,242,,,625,849,,456,316,215,680,3193,2158,444,532,289,344,351,,,318,394,333,355,614
"Thursday, 25 November 2021",,,,,289,74,,,185,68,782.9868541,923,475,767,,,63,17,424,343,,,359,264,135,53,442,931,269,514,312,262,13,213,320,510,179,,,535,684,,457,265,226,532,2408,1882,383,462,360,309,346,,,279,292,243,258,523
"Friday, 26 November 2021",,,406,645,347,78,,,133,106,733.6852792,931,369,686,,,56,17,363,256,,,473,378,163,75,326,965,274,594,318,258,34,209,287,817,259,,,546,811,,448,243,237,417,3187,1773,376,399,394,288,322,,,349,409,365,323,799
"Saturday, 27 November 2021",,,1552,2348,847,91,,,152,234,776.4998048,769,414,1228,,,110,12,744,661,,,1188,714,204,184,,1519,645,678,646,324,24,241,339,1551,579,,,533,927,,740,325,343,394,4725,2099,410,481,610,752,288,,,252,300,306,256,706
"Sunday, 28 November 2021",,,1658,2982,529,171,,,170,329,984.7340882,661,583,1196,,,135,24,783,896,,,844,921,211,198,,1889,950,891,794,289,17,228,409,1792,786,,,627,831,,865,359,447,468,5189,2598,488,573,843,1056,334,,,239,334,256,262,690
"Monday, 29 November 2021",,,1589,3473,542,161,,,199,213,1452.450345,1169,391,1234,,,121,18,647,537,,,834,816,213,200,,1425,598,895,708,457,29,409,628,1065,527,,,993,1029,,581,488,708,1001,3621,3436,678,838,565,615,653,,,435,477,351,381,636
"Tuesday, 30 November 2021",,,539,769,80,30,,,79,30,369.1131069,627,334,240,,,27,3,92,79,,,64,60,38,11,167,259,81,212,112,133,5,99,136,276,76,,,252,279,,235,127,174,259,,,166,176,113,120,144,,,169,170,96,177,224
"Wednesday, 1 December 2021",,,1388,1153,280,42,,,320,69,553.9940128,948,551,489,,,77,10,323,160,,,110,94,187,60,208,887,178,618,224,314,17,192,192,698,157,,,389,560,,406,175,,,,,253,257,445,187,229,,,230,291,161,262,399
"Thursday, 2 December 2021",,,1934,3101,409,123,,,292,148,1201.401536,1223,433,1237,,,116,16,568,507,,,636,491,188,106,483,,,737,649,381,35,325,491,1029,433,,,862,1168,,410,452,363,390,,,620,706,695,498,475,,,370,511,343,442,651
"Friday, 3 December 2021",,,1518,3628,425,130,,,275,182,1294.166341,978,626,1541,,,183,22,852,846,,,711,762,161,174,737,,,835,765,381,49,358,554,1262,521,,,872,1201,,498,381,,,,,680,795,752,671,569,,,446,550,405,428,766
"Saturday, 4 December 2021",,,1254,2670,640,88,,,290,242,855.6418066,597,563,1273,,,229,34,657,748,,,1117,758,238,156,666,,,669,634,261,20,254,350,1439,685,,,651,829,,615,290,435,460,,,488,475,611,780,282,,,247,298,250,279,605
"Sunday, 5 December 2021",,,1413,2478,573,142,,,281,273,886.1309384,736,428,1086,,,114,17,767,753,,,825,872,239,170,545,,,862,783,352,19,284,349,1553,743,,,547,920,,835,346,538,445,,,393,420,764,912,305,,,219,317,279,230,531
"Monday, 6 December 2021",,,1619,3105,510,136,2201,1665,365,236,1264.974619,1118,442,1124,,,119,18,574,534,,,917,763,247,175,527,1422,588,849,590,353,30,440,584,1161,465,,,906,953,,538,440,594,905,,,609,743,591,668,481,,,337,411,291,415,702
"Tuesday, 7 December 2021",,,1730,3912,528,141,2322,2121,350,220,1531.592347,1245,484,1456,,,119,16,714,687,,,934,770,231,187,666,1639,761,839,769,339,35,449,703,1279,574,,,1031,1277,,482,489,700,1095,,,725,913,664,767,635,,,430,558,429,514,792
"Wednesday, 8 December 2021",,,1232,3061,374,112,1866,1545,266,109,1206.591175,927,393,1218,,,94,24,577,597,,,478,585,206,115,632,1018,538,542,555,324,25,307,483,765,455,,,892,1196,,750,464,568,820,,,611,704,498,607,467,,,397,462,338,411,643
"Thursday, 9 December 2021",,,1781,3026,415,105,2286,1707,279,150,1187.778732,996,554,1306,,,167,20,495,526,,,705,611,238,120,582,1088,554,709,574,320,33,292,434,1031,470,,,889,916,,513,404,593,741,,,578,662,450,525,465,,,338,386,357,409,684
"Friday, 10 December 2021",,,1449,2760,414,101,2326,1575,330,145,1089.824287,931,363,1279,,,160,12,534,511,,,382,467,206,115,499,1250,560,684,569,307,26,295,420,1177,520,,,819,1374,,602,361,565,617,,,611,642,523,546,397,,,375,495,389,396,822
"Saturday, 11 December 2021",,,1556,2678,775,108,2958,1486,349,188,838.7754783,666,584,1296,,,103,16,661,759,,,1310,738,277,160,599,1458,743,768,705,257,10,270,327,1781,664,,,592,957,,824,340,419,466,,,462,469,608,767,310,,,272,320,335,289,709
"Sunday, 12 December 2021",,,1505,2801,483,136,2984,1653,284,242,930.2428739,725,586,1306,,,111,36,717,831,,,860,876,298,248,617,1672,972,829,771,264,20,232,367,1734,756,,,639,902,,801,335,405,428,,,482,437,641,859,308,,,245,313,237,251,612
"Monday, 13 December 2021",,,1778,3195,570,204,2759,1914,378,209,1317.519719,1172,544,1232,,,130,21,571,490,,,819,617,287,192,491,1532,636,897,659,380,37,400,635,1414,521,,,919,940,,454,442,716,943,,,682,736,707,561,550,,,352,435,417,409,794
"Tuesday, 14 December 2021",,,2002,3983,504,135,2787,2272,374,201,1404.44618,1024,661,1522,,,121,20,710,684,,,942,734,283,163,719,1516,741,929,805,339,33,442,624,1314,598,,,1035,995,,396,487,934,994,3271,1986,706,844,646,623,629,,,409,523,450,435,896
"Wednesday, 15 December 2021",,,1799,3740,468,140,2926,2103,349,200,1336.980867,964,613,1485,,,187,34,693,702,,,764,764,301,155,706,1258,729,860,723,350,40,443,631,1416,567,,,987,882,,470,513,691,941,4215,3676,699,806,571,684,572,,,396,508,408,421,936
"Thursday, 16 December 2021",,,1625,3292,406,138,2399,1880,258,171,1272.759078,991,619,1406,,,179,17,632,637,,,812,680,257,172,635,1228,657,699,712,329,20,357,575,1203,551,,,959,820,,463,452,626,875,4186,3332,685,727,892,611,516,,,387,483,405,488,908
"Friday, 17 December 2021",,,1237,2907,362,123,2323,1542,240,157,987.328908,862,516,1214,,,85,17,670,680,,,560,579,197,133,645,1148,554,594,633,290,17,267,456,1040,475,,,772,829,,448,321,552,675,4053,2807,546,629,485,545,436,,,401,494,361,450,811
"Saturday, 18 December 2021",,,1156,2362,726,110,2882,1441,250,209,777.1485097,521,574,1252,,,106,14,591,751,,,998,740,211,135,574,1636,763,600,610,249,14,215,331,1625,659,,,562,692,,512,298,530,425,5860,2197,410,460,500,767,293,,,265,362,294,307,814
"Sunday, 19 December 2021",,,1149,2415,458,96,2796,1521,230,236,889.3744631,582,558,1112,,,87,23,802,776,,,720,888,255,190,660,1551,884,713,781,273,23,246,385,1584,723,,,546,798,,583,313,526,476,5497,2335,398,450,732,770,283,,,193,295,261,265,719
"Monday, 20 December 2021",,,1299,2736,440,164,2072,1683,244,156,962.6781205,680,573,992,,,133,33,450,473,,,692,644,240,167,472,1348,655,562,525,266,23,394,536,1247,478,,,825,712,,385,362,615,752,3987,2777,562,576,508,509,441,,,369,398,449,364,801
"Tuesday, 21 December 2021",,,1339,3166,429,115,2211,1656,224,213,1018.466745,667,596,1261,,,120,25,572,737,,,667,655,244,176,598,1212,663,653,633,296,27,343,580,1242,526,,,837,747,,466,491,562,842,4227,3091,573,709,530,686,438,,,316,420,379,397,840
"Wednesday, 22 December 2021",,,1380,2828,453,115,1977,1499,213,193,914.0252506,574,554,,,,246,35,664,706,,,1254,586,377,162,669,1315,643,657,602,294,23,327,483,1136,430,,,748,669,,499,432,593,704,4211,2924,548,614,574,649,383,,,346,396,432,366,934
"Thursday, 23 December 2021",,,928,2370,355,93,1934,1224,161,185,723.9547052,458,410,,,,90,17,606,630,,,409,499,190,156,616,1094,607,483,472,222,8,252,371,886,422,,,639,537,,427,300,445,525,3403,2274,463,481,534,577,319,,,275,400,342,360,746
"Friday, 24 December 2021",,,934,1732,281,86,1697,893,198,119,554.6427177,418,286,,,,83,13,577,565,,,579,490,174,111,547,1051,500,458,447,228,19,210,253,806,330,,,425,534,,393,182,337,314,2925,1838,320,363,509,437,261,,,201,285,318,229,706
"Saturday, 25 December 2021",,,546,953,475,42,1380,678,113,115,362.6260575,316,171,,,,73,5,359,274,,,685,297,133,96,271,1011,341,300,256,122,4,104,135,586,319,,,192,204,,226,106,216,122,2190,796,130,206,370,286,93,,,60,89,121,104,333
"Sunday, 26 December 2021",,,1173,1745,334,69,3061,1208,276,235,608.4852271,581,310,,,,134,16,649,605,,,802,596,193,151,455,1753,706,605,529,314,15,215,255,1559,608,,,385,551,,518,258,397,272,4216,1661,280,338,1029,636,231,,,173,214,397,230,804
"Monday, 27 December 2021",,,1304,2211,421,103,2798,1457,389,215,662.9764415,660,371,,,,117,27,670,671,,,547,772,261,218,606,1730,716,761,570,255,12,212,307,1316,658,,,448,771,,640,262,341,342,4644,1970,351,390,851,752,202,,,158,201,292,215,749
"Tuesday, 28 December 2021",,,1478,1273,414,89,3390,1210,348,205,487.8261096,639,444,,,,104,15,539,342,,,866,583,244,131,266,1624,512,693,370,301,16,225,175,1530,527,,,283,661,,754,218,378,208,3073,910,224,300,796,503,147,,,214,308,481,265,975
"Wednesday, 29 December 2021",,,1530,2596,499,118,3519,1945,407,310,914.0252506,620,415,,,,111,26,815,791,,,848,981,254,204,678,1928,866,774,691,333,18,349,405,1599,750,,,555,911,,720,317,524,498,3875,1311,397,501,771,971,328,,,226,347,464,269,1032
"Thursday, 30 December 2021",,,,,534,148,3651,1677,418,312,769.3640505,601,447,,,,130,16,745,587,,,832,972,222,219,487,1810,846,741,607,303,20,305,397,1800,792,,,534,917,,725,300,454,491,5135,2341,416,538,852,741,311,,,256,331,396,311,1106
"Friday, 31 December 2021",,,,,370,109,3275,1479,236,221,780.3920344,516,421,,,,93,22,742,723,,,719,751,222,173,710,1642,722,656,631,274,9,218,311,1134,651,,,507,898,,741,289,406,462,5888,2074,386,443,563,790,269,,,187,292,392,301,705
